"year","mean","lower","upper","country","sex","measure"
1990,386.484558577736,386.119601180282,386.84951597519,"China","Both","daly"
1991,386.792553990259,386.434283444148,387.15082453637,"China","Both","daly"
1992,387.042821563149,386.687587083363,387.398056042936,"China","Both","daly"
1993,387.371613980546,387.019309788082,387.72391817301,"China","Both","daly"
1994,387.579112852093,387.229652857891,387.928572846295,"China","Both","daly"
1995,387.960373498202,387.613040321961,388.307706674443,"China","Both","daly"
1996,387.279061471013,386.934297678701,387.623825263325,"China","Both","daly"
1997,385.903198429947,385.561410139336,386.244986720558,"China","Both","daly"
1998,384.006058161763,383.667602598455,384.344513725071,"China","Both","daly"
1999,382.436821203403,382.101796302155,382.771846104652,"China","Both","daly"
2000,381.949724066986,381.617140168887,382.282307965086,"China","Both","daly"
2001,384.346876172988,384.015505791951,384.678246554026,"China","Both","daly"
2002,389.814783422058,389.483367050422,390.146199793695,"China","Both","daly"
2003,396.366358114737,396.034548989998,396.698167239477,"China","Both","daly"
2004,402.117628026097,401.785741530412,402.449514521782,"China","Both","daly"
2005,405.014416485782,404.683238263707,405.345594707856,"China","Both","daly"
2006,405.762836966061,405.433032011454,406.092641920668,"China","Both","daly"
2007,406.392351825832,406.06373574094,406.720967910724,"China","Both","daly"
2008,407.035060481929,406.707356936806,407.362764027052,"China","Both","daly"
2009,407.177291189353,406.850309441976,407.504272936729,"China","Both","daly"
2010,407.322998110473,406.996239458228,407.649756762718,"China","Both","daly"
2011,407.205795344595,406.879191120795,407.532399568394,"China","Both","daly"
2012,406.87162575139,406.545198889315,407.198052613465,"China","Both","daly"
2013,406.567546443934,406.241209050921,406.893883836946,"China","Both","daly"
2014,406.31372552726,405.98719691882,406.640254135699,"China","Both","daly"
2015,406.085971835167,405.758907023511,406.413036646823,"China","Both","daly"
2016,407.219953069154,406.891724520279,407.548181618029,"China","Both","daly"
2017,410.528721522082,410.198396096842,410.859046947323,"China","Both","daly"
2018,414.464440719374,414.131795020017,414.797086418732,"China","Both","daly"
2019,417.749496920788,417.414636986333,418.084356855243,"China","Both","daly"
2020,418.517673630145,418.181547206245,418.853800054045,"China","Both","daly"
2021,418.212571605282,417.875641079451,418.549502131113,"China","Both","daly"
2022,417.77695057381,417.439437132531,418.114464015089,"China","Both","daly"
2023,415.052086002079,414.713726638439,415.390445365718,"China","Both","daly"
2024,411.365831061364,406.364770522909,416.366891599818,"China","Both","daly"
2025,409.374022297023,400.098779004159,418.649265589887,"China","Both","daly"
2026,407.385622280469,392.836768132184,421.934476428754,"China","Both","daly"
2027,405.402494733793,384.823222417563,425.981767050023,"China","Both","daly"
2028,403.402413101074,376.156026695703,430.648799506445,"China","Both","daly"
2029,401.398749061555,366.91740069932,435.880097423789,"China","Both","daly"
2030,399.407449353864,357.190710140638,441.624188567089,"China","Both","daly"
2031,397.412779931727,347.014030155295,447.811529708159,"China","Both","daly"
2032,395.41482479899,336.429272695362,454.400376902617,"China","Both","daly"
2033,393.395430654537,325.452691516987,461.338169792087,"China","Both","daly"
2034,391.380049343595,314.126429456033,468.633669231158,"China","Both","daly"
2035,389.376511018093,302.487018459209,476.266003576977,"China","Both","daly"
2036,387.367161699427,290.546641492018,484.187681906836,"China","Both","daly"
2037,385.349069946332,278.326164485839,492.371975406824,"China","Both","daly"
2038,383.307564607921,265.833343099828,500.781786116014,"China","Both","daly"
2039,381.27237634498,253.100517686643,509.444235003317,"China","Both","daly"
2040,379.243394632933,240.146515542806,518.340273723059,"China","Both","daly"
2041,377.203942777747,226.978078381987,527.429807173508,"China","Both","daly"
2042,375.15208762715,213.610363862564,536.693811391736,"China","Both","daly"
2043,373.078266694912,200.05121711604,546.105316273785,"China","Both","daly"
2044,371.016441013265,186.326968934983,555.705913091547,"China","Both","daly"
2045,368.960298816143,172.447534104454,565.473063527833,"China","Both","daly"
2046,366.894316461497,158.418423751653,575.37020917134,"China","Both","daly"
2047,364.817381437588,144.251713371138,585.383049504038,"China","Both","daly"
2048,362.723645783814,129.955442333482,595.491849234147,"China","Both","daly"
2049,360.648091661492,115.548225031027,605.747958291956,"China","Both","daly"
2050,358.578991397343,101.035609385142,616.122373409544,"China","Both","daly"
2051,356.501669716633,86.4233225395873,626.580016893679,"China","Both","daly"
2052,354.41456890181,71.7211120443018,637.108025759318,"China","Both","daly"
2053,352.314109345177,56.9367944307973,647.691424259556,"China","Both","daly"
1990,914.903180132097,914.362257961129,915.444102303066,"China","Both","inc"
1991,914.704437913752,914.169682505078,915.239193322426,"China","Both","inc"
1992,914.542051411921,914.010755685776,915.073347138067,"China","Both","inc"
1993,914.408321408168,913.880584969656,914.936057846681,"China","Both","inc"
1994,914.310899557829,913.786563466328,914.83523564933,"China","Both","inc"
1995,914.247611996595,913.726012381309,914.769211611882,"China","Both","inc"
1996,913.102051540017,912.583099033657,913.621004046377,"China","Both","inc"
1997,910.402966917773,909.886815906816,910.91911792873,"China","Both","inc"
1998,907.2123521284,906.698846342079,907.725857914721,"China","Both","inc"
1999,904.607617687213,904.096053354506,905.11918201992,"China","Both","inc"
2000,903.693140149901,903.182130201392,904.204150098411,"China","Both","inc"
2001,908.013989747021,907.501580303649,908.526399190393,"China","Both","inc"
2002,918.022220604989,917.506467330048,918.53797387993,"China","Both","inc"
2003,930.196440698727,929.676389676503,930.716491720952,"China","Both","inc"
2004,940.985520144451,940.460964674286,941.510075614615,"China","Both","inc"
2005,946.866528136769,946.338184099687,947.394872173851,"China","Both","inc"
2006,948.976922915547,948.445588928977,949.508256902116,"China","Both","inc"
2007,950.72873563048,950.194427327384,951.263043933576,"China","Both","inc"
2008,952.04541544341,951.508235454468,952.582595432351,"China","Both","inc"
2009,952.835321254179,952.295382805455,953.375259702903,"China","Both","inc"
2010,953.016329854439,952.474053121533,953.558606587345,"China","Both","inc"
2011,952.848562590362,952.304556777582,953.392568403142,"China","Both","inc"
2012,952.630657992133,952.085403088848,953.175912895417,"China","Both","inc"
2013,952.354325496067,951.808168750068,952.900482242065,"China","Both","inc"
2014,952.015135324701,951.468157416105,952.562113233296,"China","Both","inc"
2015,951.632228765596,951.084256721659,952.180200809533,"China","Both","inc"
2016,953.833027850619,953.283204824128,954.382850877111,"China","Both","inc"
2017,959.615867386468,959.063465637326,960.16826913561,"China","Both","inc"
2018,966.573115754042,966.018155479773,967.128076028311,"China","Both","inc"
2019,972.298309412139,971.741164118348,972.85545470593,"China","Both","inc"
2020,974.408175318697,973.85002905845,974.966321578944,"China","Both","inc"
2021,973.932202458979,973.37411901841,974.490285899549,"China","Both","inc"
2022,973.47167424026,972.913787503578,974.029560976941,"China","Both","inc"
2023,967.272374095233,966.715367163461,967.829381027005,"China","Both","inc"
2024,963.970349992364,953.151446382235,974.789253602493,"China","Both","inc"
2025,961.952246366444,943.053801970012,980.850690762876,"China","Both","inc"
2026,959.823389016855,930.769876009357,988.876902024353,"China","Both","inc"
2027,957.592075722866,916.831265791701,998.352885654032,"China","Both","inc"
2028,955.233575687488,901.451572069537,1009.01557930544,"China","Both","inc"
2029,952.819303681874,884.82713562167,1020.81147174208,"China","Both","inc"
2030,950.333173033884,867.080957316194,1033.58538875157,"China","Both","inc"
2031,947.764875144048,848.305634279519,1047.22411600858,"China","Both","inc"
2032,945.125848024351,828.588551090113,1061.66314495859,"China","Both","inc"
2033,942.389716694618,807.960101497398,1076.81933189184,"China","Both","inc"
2034,939.601884602762,786.493577382302,1092.71019182322,"China","Both","inc"
2035,936.736252544958,764.22810187844,1109.24440321147,"China","Both","inc"
2036,933.780226529404,741.206162414983,1126.35429064383,"China","Both","inc"
2037,930.743242730438,717.479164852303,1144.00732060857,"China","Both","inc"
2038,927.607593728802,693.065096010144,1162.15009144746,"China","Both","inc"
2039,924.424987749409,668.022647236609,1180.82732826221,"China","Both","inc"
2040,921.156483409636,642.363530382553,1199.94943643672,"China","Both","inc"
2041,917.783068107232,616.111933053101,1219.45420316136,"China","Both","inc"
2042,914.310571697794,589.304724095333,1239.31641930025,"China","Both","inc"
2043,910.734190849477,561.963467127288,1259.50491457167,"China","Both","inc"
2044,907.123215629428,534.146992767277,1280.09943849158,"China","Both","inc"
2045,903.436148595022,505.860631830551,1301.01166535949,"China","Both","inc"
2046,899.653300208347,477.12305150561,1322.18354891108,"China","Both","inc"
2047,895.778485896446,447.96355599739,1343.5934157955,"China","Both","inc"
2048,891.813938941163,418.404665330748,1365.22321255158,"China","Both","inc"
2049,887.829066927813,388.494057809221,1387.16407604641,"China","Both","inc"
2050,883.786906826747,358.238788545299,1409.33502510819,"China","Both","inc"
2051,879.669052964406,327.655534002245,1431.68257192657,"China","Both","inc"
2052,875.477099649639,296.767875102392,1454.18632419689,"China","Both","inc"
2053,871.215750482256,265.596313902679,1476.83518706183,"China","Both","inc"
1990,11068.5471524,11066.6011823549,11070.493122445,"China","Both","prev"
1991,11067.5056133922,11065.5794134458,11069.4318133386,"China","Both","prev"
1992,11066.8727495849,11064.9639400549,11068.7815591149,"China","Both","prev"
1993,11066.6046429951,11064.7126157266,11068.4966702635,"China","Both","prev"
1994,11067.2245084848,11065.3488694192,11069.1001475504,"China","Both","prev"
1995,11068.5793456486,11066.716333839,11070.4423574582,"China","Both","prev"
1996,11052.4175275424,11050.5679039038,11054.267151181,"China","Both","prev"
1997,11010.9977521435,11009.1637865281,11012.8317177589,"China","Both","prev"
1998,10961.1968393244,10959.3798300095,10963.0138486392,"China","Both","prev"
1999,10920.3128965495,10918.5124041942,10922.1133889048,"China","Both","prev"
2000,10905.3517654874,10903.5634006904,10907.1401302844,"China","Both","prev"
2001,10968.2954832749,10966.5126456486,10970.0783209012,"China","Both","prev"
2002,11114.1873464637,11112.403608555,11115.9710843724,"China","Both","prev"
2003,11290.4826862502,11288.6961320908,11292.2692404096,"China","Both","prev"
2004,11444.8321322744,11443.0440673909,11446.6201971578,"China","Both","prev"
2005,11524.6328708796,11522.8466289639,11526.4191127953,"China","Both","prev"
2006,11549.7097103344,11547.9281649502,11551.4912557185,"China","Both","prev"
2007,11572.8586859908,11571.0809312357,11574.6364407458,"China","Both","prev"
2008,11591.688651581,11589.9139388577,11593.4633643043,"China","Both","prev"
2009,11604.105567375,11602.3324506285,11605.8786841214,"China","Both","prev"
2010,11607.9192465722,11606.1460388271,11609.6924543172,"China","Both","prev"
2011,11606.2983835702,11604.5244078221,11608.0723593184,"China","Both","prev"
2012,11603.4221101794,11601.6467536379,11605.1974667209,"China","Both","prev"
2013,11599.214458224,11597.4371184841,11600.991797964,"China","Both","prev"
2014,11593.8367574678,11592.0562411975,11595.6172737382,"China","Both","prev"
2015,11587.5538899034,11585.7688007601,11589.3389790466,"China","Both","prev"
2016,11621.602110327,11619.8089243193,11623.3952963346,"China","Both","prev"
2017,11711.6322406172,11709.8266163883,11713.437864846,"China","Both","prev"
2018,11819.8549990922,11818.0355273547,11821.6744708297,"China","Both","prev"
2019,11908.7069533386,11906.8746109924,11910.5392956848,"China","Both","prev"
2020,11940.9265688516,11939.0852637709,11942.7678739323,"China","Both","prev"
2021,11932.7985426749,11930.9519888793,11934.6450964705,"China","Both","prev"
2022,11925.0793319502,11923.2285393888,11926.9301245116,"China","Both","prev"
2023,11842.9429434829,11841.0957194873,11844.7901674786,"China","Both","prev"
2024,11726.6851744231,11581.0878053546,11872.2825434916,"China","Both","prev"
2025,11678.9844986088,11417.8747381525,11940.094259065,"China","Both","prev"
2026,11631.4802439725,11226.3296462874,12036.6308416577,"China","Both","prev"
2027,11583.8820549716,11013.3991191346,12154.3649908086,"China","Both","prev"
2028,11535.4877247033,10781.8550612442,12289.1203881624,"China","Both","prev"
2029,11486.8167910311,10534.1742118793,12439.459370183,"China","Both","prev"
2030,11438.3289450315,10272.6553135922,12604.0025764708,"China","Both","prev"
2031,11389.7411597307,9998.46008963761,12781.0222298237,"China","Both","prev"
2032,11340.7605860816,9712.45615888814,12969.0650132751,"China","Both","prev"
2033,11290.839717933,9415.02882119235,13166.6506146737,"China","Both","prev"
2034,11240.7410280555,9107.40411372993,13374.0779423811,"China","Both","prev"
2035,11190.6630870037,8790.56224531458,13590.7639286928,"China","Both","prev"
2036,11140.2974046044,8464.96659021438,13815.6282189945,"China","Both","prev"
2037,11089.3899291976,8131.04544725722,14047.734411138,"China","Both","prev"
2038,11037.5427771828,7789.00553081811,14286.0800235475,"China","Both","prev"
2039,10985.6282856857,7439.79819819776,14531.4583731736,"China","Both","prev"
2040,10933.6155185718,7083.92016349586,14783.3108736478,"China","Both","prev"
2041,10881.182542052,6721.63965026844,15040.7254338357,"China","Both","prev"
2042,10828.1153215089,6353.26837418055,15302.9622688372,"China","Both","prev"
2043,10774.1582053998,5979.02477230596,15569.2916384936,"China","Both","prev"
2044,10720.2466647544,5599.67114526592,15840.822184243,"China","Both","prev"
2045,10666.1696033873,5215.46911591665,16116.870090858,"China","Both","prev"
2046,10611.6017238933,4826.62492974058,16396.578518046,"China","Both","prev"
2047,10556.3694564333,4433.41464325277,16679.3242696138,"China","Both","prev"
2048,10500.3404597346,4036.08566745874,16964.5952520104,"China","Both","prev"
2049,10444.4594008496,3635.20088621666,17253.7179154825,"China","Both","prev"
2050,10388.4039910336,3230.93193314277,17545.8760489244,"China","Both","prev"
2051,10331.8610915279,2823.47878053775,17840.2434025181,"China","Both","prev"
2052,10274.6940172126,2413.10322083823,18136.2848135869,"China","Both","prev"
2053,10216.8612722586,2000.05719815282,18433.6653463644,"China","Both","prev"
1990,539.814495753319,539.196294418643,540.432697087995,"China","Female","daly"
1991,540.45931101292,539.852626060531,541.06599596531,"China","Female","daly"
1992,540.935343687361,540.333616578136,541.537070796585,"China","Female","daly"
1993,541.33348923012,540.736730119519,541.930248340722,"China","Female","daly"
1994,541.652022619372,541.060100009115,542.24394522963,"China","Female","daly"
1995,541.995697945592,541.407562908043,542.583832983141,"China","Female","daly"
1996,541.096118309908,540.512529157734,541.679707462081,"China","Female","daly"
1997,539.143414992211,538.565176135139,539.721653849283,"China","Female","daly"
1998,536.396969216729,535.824688767928,536.969249665529,"China","Female","daly"
1999,534.206154368229,533.639950995611,534.772357740846,"China","Female","daly"
2000,533.343400013304,532.78163120893,533.905168817678,"China","Female","daly"
2001,536.615171963952,536.055763367064,537.17458056084,"China","Female","daly"
2002,544.701927635043,544.14244040651,545.261414863577,"China","Female","daly"
2003,554.034938533191,553.474829270792,554.59504779559,"China","Female","daly"
2004,562.455961294801,561.89554338362,563.016379205982,"China","Female","daly"
2005,566.715037065413,566.155643855978,567.274430274848,"China","Female","daly"
2006,567.755840123299,567.198702206598,568.312978040001,"China","Female","daly"
2007,568.754141320986,568.198808938236,569.309473703736,"China","Female","daly"
2008,569.716887967391,569.162864331168,570.270911603615,"China","Female","daly"
2009,569.943775866095,569.390661106855,570.496890625334,"China","Female","daly"
2010,570.087819538988,569.534737816482,570.640901261495,"China","Female","daly"
2011,570.153568348721,569.60024672878,570.706889968662,"China","Female","daly"
2012,569.724470303112,569.171018533759,570.277922072465,"China","Female","daly"
2013,569.440764915832,568.88692237959,569.994607452074,"China","Female","daly"
2014,569.212852452989,568.658081521598,569.76762338438,"China","Female","daly"
2015,569.14011439586,568.583745962256,569.696482829463,"China","Female","daly"
2016,570.935022964491,570.37600888353,571.494037045453,"China","Female","daly"
2017,575.578674320235,575.015516116551,576.141832523918,"China","Female","daly"
2018,581.044542827414,580.476834483915,581.612251170912,"China","Female","daly"
2019,585.788129678435,585.215903748441,586.36035560843,"China","Female","daly"
2020,587.041360845601,586.466209178897,587.616512512306,"China","Female","daly"
2021,587.14713568908,586.569664644305,587.724606733854,"China","Female","daly"
2022,586.728234371167,586.149097341552,587.307371400783,"China","Female","daly"
2023,582.973146703781,582.391593942344,583.554699465218,"China","Female","daly"
2024,577.037020661576,569.356208025077,584.717833298075,"China","Female","daly"
2025,574.427134948026,560.441162024422,588.41310787163,"China","Female","daly"
2026,571.83818554225,550.045681818952,593.630689265548,"China","Female","daly"
2027,569.249043129679,538.519262143818,599.97882411554,"China","Female","daly"
2028,566.618168757262,526.002500942538,607.233836571986,"China","Female","daly"
2029,563.960602990441,512.616599849772,615.30460613111,"China","Female","daly"
2030,561.321237952339,498.503506891803,624.138969012876,"China","Female","daly"
2031,558.695401567198,483.73461189738,633.656191237015,"China","Female","daly"
2032,556.059760339679,468.34971312853,643.769807550828,"China","Female","daly"
2033,553.376982892909,452.364204586076,654.389761199743,"China","Female","daly"
2034,550.672280606851,435.832648877756,665.511912335946,"China","Female","daly"
2035,547.982881260791,418.829591287422,677.13617123416,"China","Female","daly"
2036,545.30159225847,401.386583476629,689.21660104031,"China","Female","daly"
2037,542.604668257532,383.518571337992,701.690765177072,"China","Female","daly"
2038,539.86185478351,365.231404230158,714.492305336862,"China","Female","daly"
2039,537.103132507768,346.56523437521,727.641030640325,"China","Female","daly"
2040,534.355833485996,327.566395623374,741.145271348618,"China","Female","daly"
2041,531.610986632396,308.253658340986,754.968314923806,"China","Female","daly"
2042,528.846998434542,288.63693945105,769.057057418034,"China","Female","daly"
2043,526.040504929491,268.723308597222,783.357701261761,"China","Female","daly"
2044,523.224399559042,248.544093022805,797.904706095278,"China","Female","daly"
2045,520.41721106281,228.12882174096,812.705600384661,"China","Female","daly"
2046,517.609585974762,207.491317009405,827.727854940119,"China","Female","daly"
2047,514.783185523996,186.641466605582,842.924904442409,"China","Female","daly"
2048,511.92059334284,165.588767406358,858.252419279322,"China","Female","daly"
2049,509.055569049509,144.355819277282,873.755318821737,"China","Female","daly"
2050,506.198629506754,122.961362882036,889.435896131472,"China","Female","daly"
2051,503.340425285849,101.41715936438,905.263691207318,"China","Female","daly"
2052,500.464582416062,79.733893290832,921.195271541291,"China","Female","daly"
2053,497.557796121353,57.9227946176182,937.192797625087,"China","Female","daly"
1990,1182.50018707939,1181.61534671338,1183.3850274454,"China","Female","inc"
1991,1182.42019413746,1181.54650598304,1183.29388229189,"China","Female","inc"
1992,1182.33531819516,1181.46730046423,1183.2033359261,"China","Female","inc"
1993,1182.24230280135,1181.3802073035,1183.1043982992,"China","Female","inc"
1994,1182.14481267727,1181.28839790752,1183.00122744702,"China","Female","inc"
1995,1182.03956229067,1181.1877290199,1182.89139556145,"China","Female","inc"
1996,1180.58305479821,1179.73580190862,1181.4303076878,"China","Female","inc"
1997,1177.27024096446,1176.42784048667,1178.11264144226,"China","Female","inc"
1998,1173.36990913719,1172.53204057614,1174.20777769824,"China","Female","inc"
1999,1170.1675663036,1169.3329182873,1171.00221431991,"China","Female","inc"
2000,1168.97222517349,1168.13840035747,1169.80604998951,"China","Female","inc"
2001,1174.26305805615,1173.42689670443,1175.09921940787,"China","Female","inc"
2002,1186.73620572278,1185.8944972867,1187.57791415886,"China","Female","inc"
2003,1201.97964846076,1201.13071729394,1202.82857962758,"China","Female","inc"
2004,1215.53898868433,1214.68229240104,1216.39568496762,"China","Female","inc"
2005,1222.98820388314,1222.12474137075,1223.85166639554,"China","Female","inc"
2006,1225.86650633775,1224.997508264,1226.73550441149,"China","Female","inc"
2007,1228.4979840581,1227.62347002137,1229.37249809484,"China","Female","inc"
2008,1230.66532646049,1229.78548976916,1231.54516315182,"China","Female","inc"
2009,1232.12616085869,1231.24121375151,1233.01110796587,"China","Female","inc"
2010,1232.63483026185,1231.74552051974,1233.52414000397,"China","Female","inc"
2011,1232.57499939807,1231.68238536909,1233.46761342705,"China","Female","inc"
2012,1232.49468987319,1231.59957968074,1233.38980006564,"China","Female","inc"
2013,1232.39822983925,1231.50121818179,1233.29524149671,"China","Female","inc"
2014,1232.28666516669,1231.38788424923,1233.18544608415,"China","Female","inc"
2015,1232.17230068623,1231.27145502458,1233.07314634787,"China","Female","inc"
2016,1234.55048063994,1233.64644509247,1235.45451618742,"China","Female","inc"
2017,1240.37765483909,1239.46962672315,1241.28568295503,"China","Female","inc"
2018,1247.35111674715,1246.4392234866,1248.26301000769,"China","Female","inc"
2019,1253.16607698277,1252.25070690939,1254.08144705616,"China","Female","inc"
2020,1255.5279405318,1254.61057064359,1256.44531042,"China","Female","inc"
2021,1255.39888650932,1254.48093745248,1256.31683556615,"China","Female","inc"
2022,1255.26016836805,1254.34185061996,1256.17848611613,"China","Female","inc"
2023,1249.21624445616,1248.29738863411,1250.1351002782,"China","Female","inc"
2024,1244.52320411554,1230.06572381059,1258.98068442049,"China","Female","inc"
2025,1242.83204626749,1217.84781271949,1267.81627981549,"China","Female","inc"
2026,1241.05070767761,1202.79785222103,1279.30356313419,"China","Female","inc"
2027,1239.17297416494,1185.59473403208,1292.7512142978,"China","Female","inc"
2028,1237.15527732602,1166.50646324215,1307.80409140989,"China","Female","inc"
2029,1235.05715536061,1145.75774516439,1324.35656555683,"China","Female","inc"
2030,1232.89184157621,1123.536127624,1342.24755552843,"China","Female","inc"
2031,1230.65742203409,1099.96771452972,1361.34712953845,"China","Female","inc"
2032,1228.35195764941,1075.14626665232,1381.5576486465,"China","Female","inc"
2033,1225.93195588412,1049.09989372596,1402.76401804227,"China","Female","inc"
2034,1223.43493554801,1021.90431613181,1424.96555496422,"China","Female","inc"
2035,1220.85861883182,993.633569447082,1448.08366821656,"China","Female","inc"
2036,1218.19658511374,964.346526157419,1472.04664407006,"China","Female","inc"
2037,1215.44777075858,934.094790111533,1496.80075140562,"China","Female","inc"
2038,1212.58115732383,902.892167382705,1522.27014726495,"China","Female","inc"
2039,1209.64478494272,870.798903896642,1548.49066598879,"China","Female","inc"
2040,1206.61690624592,837.848369320746,1575.38544317109,"China","Female","inc"
2041,1203.48188826717,804.074104975254,1602.88967155909,"China","Female","inc"
2042,1200.23751938981,769.512862370372,1630.96217640925,"China","Female","inc"
2043,1196.86963956165,734.183923200076,1659.55535592322,"China","Female","inc"
2044,1193.44741293508,698.14848956687,1688.74633630328,"China","Female","inc"
2045,1189.9406026282,661.42527744347,1718.45592781293,"China","Female","inc"
2046,1186.33077670207,624.038842024427,1748.62271137971,"China","Female","inc"
2047,1182.6156999751,586.019295862786,1779.21210408742,"China","Female","inc"
2048,1178.79122101837,547.388961111761,1810.19348092497,"China","Female","inc"
2049,1174.92842279278,508.198308908253,1841.65853667731,"China","Female","inc"
2050,1170.99814412029,468.463317228944,1873.53297101163,"China","Female","inc"
2051,1166.98249550278,428.205188325562,1905.75980267999,"China","Female","inc"
2052,1162.8790041773,387.449451928525,1938.30855642608,"China","Female","inc"
2053,1158.68852135541,346.218053231547,1971.15898947927,"China","Female","inc"
1990,14158.0957895363,14154.9350016699,14161.2565774027,"China","Female","prev"
1991,14157.7553629197,14154.6264058369,14160.8843200024,"China","Female","prev"
1992,14157.2842448271,14154.1835851423,14160.3849045119,"China","Female","prev"
1993,14156.6570576225,14153.5838627157,14159.7302525293,"China","Female","prev"
1994,14156.2723460311,14153.2264447967,14159.3182472654,"China","Female","prev"
1995,14156.179471418,14153.1547948733,14159.2041479627,"China","Female","prev"
1996,14136.3567089795,14133.3550753684,14139.3583425905,"China","Female","prev"
1997,14089.2193067447,14086.2442626439,14092.1943508455,"China","Female","prev"
1998,14032.9399332733,14029.9934724644,14035.8863940822,"China","Female","prev"
1999,13986.1085085859,13983.190001944,13989.0270152277,"China","Female","prev"
2000,13966.9779193914,13964.0804011696,13969.8754376133,"China","Female","prev"
2001,14044.0549734452,14041.1682465166,14046.9417003738,"China","Female","prev"
2002,14228.6060305371,14225.7193985793,14231.492662495,"China","Female","prev"
2003,14452.6572294804,14449.7671705525,14455.5472884082,"China","Female","prev"
2004,14648.5325367998,14645.6406613324,14651.4244122673,"China","Female","prev"
2005,14748.1362774757,14745.2475280661,14751.0250268854,"China","Female","prev"
2006,14777.5755890025,14774.6946668724,14780.4565111325,"China","Female","prev"
2007,14806.1916901818,14803.3168416576,14809.0665387059,"China","Female","prev"
2008,14830.4246226116,14827.5542533081,14833.2949919151,"China","Female","prev"
2009,14847.1017903248,14844.233039284,14849.9705413656,"China","Female","prev"
2010,14852.6784133136,14849.8080597927,14855.5487668344,"China","Female","prev"
2011,14851.0807888402,14848.2075749376,14853.9540027429,"China","Female","prev"
2012,14848.7330897323,14845.8557027664,14851.6104766981,"China","Female","prev"
2013,14845.7029701195,14842.8200856357,14848.5858546034,"China","Female","prev"
2014,14842.3987211035,14839.507950711,14845.2894914959,"China","Female","prev"
2015,14838.9044954349,14836.0032259025,14841.8057649673,"China","Female","prev"
2016,14881.2304500581,14878.3133916824,14884.1475084339,"China","Female","prev"
2017,14987.0105658781,14984.0712998216,14989.9498319346,"China","Female","prev"
2018,15113.7735489742,15110.8098535633,15116.7372443851,"China","Female","prev"
2019,15219.343140211,15216.3560481963,15222.3302322258,"China","Female","prev"
2020,15261.3218862364,15258.3168757469,15264.3268967259,"China","Female","prev"
2021,15257.4506330793,15254.4333644478,15260.4679017109,"China","Female","prev"
2022,15253.5593140878,15250.5316464179,15256.5869817576,"China","Female","prev"
2023,15161.3507002401,15158.3244414915,15164.3769589886,"China","Female","prev"
2024,14991.632000021,14790.8921835608,15192.3718164813,"China","Female","prev"
2025,14940.1211886342,14584.2955825131,15295.9467947553,"China","Female","prev"
2026,14889.1916588559,14339.2635140942,15439.1198036175,"China","Female","prev"
2027,14838.301101036,14065.1537420837,15611.4484599883,"China","Female","prev"
2028,14786.3688795479,13765.6192800545,15807.1184790412,"China","Female","prev"
2029,14733.7356859826,13443.7224901464,16023.7488818188,"China","Female","prev"
2030,14681.4194748524,13102.8703965235,16259.9685531812,"China","Female","prev"
2031,14629.4066054887,12744.8861187827,16513.9270921948,"China","Female","prev"
2032,14577.1618707216,12370.7395882186,16783.5841532245,"China","Female","prev"
2033,14523.7583200067,11980.7556772033,17066.7609628102,"China","Female","prev"
2034,14469.7333103837,11576.1997051052,17363.2669156621,"China","Female","prev"
2035,14415.8537356806,11158.7578383376,17672.9496330237,"China","Female","prev"
2036,14362.045952594,10729.2585275355,17994.8333776526,"China","Female","prev"
2037,14307.8371448762,10288.1096302527,18327.5646594998,"China","Female","prev"
2038,14252.4761933047,9835.40080744995,18669.5515791594,"China","Female","prev"
2039,14196.6015553506,9372.04482031064,19021.1582903906,"China","Female","prev"
2040,14140.7259413735,8899.06209632724,19382.3897864197,"China","Female","prev"
2041,14084.7273554659,8416.95965840631,19752.4950525254,"China","Female","prev"
2042,14028.2062196469,7926.02477453135,20130.3876647624,"China","Female","prev"
2043,13970.5946302363,7426.3901749496,20514.799085523,"China","Female","prev"
2044,13912.6005796406,6918.77409360629,20906.427065675,"China","Female","prev"
2045,13854.5019545323,6403.81120221911,21305.1927068455,"China","Female","prev"
2046,13796.1375882384,5881.86717159731,21710.4080048795,"China","Female","prev"
2047,13737.1830356284,5353.21541239942,22121.1506588573,"China","Female","prev"
2048,13677.24273179,4818.06822144183,22536.4172421382,"China","Female","prev"
2049,13617.0537849472,4276.96433725892,22957.1432326355,"China","Female","prev"
2050,13556.715242339,3730.32119217484,23383.1092925031,"China","Female","prev"
2051,13496.0500465276,3178.44619047457,23813.6539025805,"China","Female","prev"
2052,13434.807811213,2621.62359055559,24247.9920318705,"China","Female","prev"
2053,13372.7366993637,2060.1169114728,24685.3564872546,"China","Female","prev"
1990,242.324438009256,241.924484701986,242.724391316526,"China","Male","daly"
1991,242.406216991156,242.021038779604,242.791395202708,"China","Male","daly"
1992,242.490042758297,242.108285911467,242.871799605127,"China","Male","daly"
1993,242.753162470616,242.374635678619,243.131689262614,"China","Male","daly"
1994,242.793340944634,242.417805548313,243.168876340956,"China","Male","daly"
1995,243.043686460895,242.670220471169,243.417152450621,"China","Male","daly"
1996,242.33432011495,241.963588065606,242.705052164295,"China","Male","daly"
1997,241.191469034209,240.823872824517,241.559065243902,"China","Male","daly"
1998,239.781056663021,239.416961630141,240.145151695901,"China","Male","daly"
1999,238.479229435982,238.118779053654,238.839679818309,"China","Male","daly"
2000,238.067193716247,237.709208462874,238.42517896962,"China","Male","daly"
2001,239.297461385098,238.940689659231,239.654233110965,"China","Male","daly"
2002,241.932783060438,241.576236961507,242.289329159369,"China","Male","daly"
2003,245.503619283765,245.146734194459,245.860504373072,"China","Male","daly"
2004,248.432723548132,248.076012852817,248.789434243447,"China","Male","daly"
2005,249.838645825014,249.48293178601,250.194359864017,"China","Male","daly"
2006,250.149142947738,249.79500653268,250.503279362796,"China","Male","daly"
2007,250.27141419097,249.918795951792,250.624032430148,"China","Male","daly"
2008,250.46876246376,250.117328222462,250.820196705058,"China","Male","daly"
2009,250.473576191401,250.123089663554,250.824062719249,"China","Male","daly"
2010,250.619114683033,250.269025427863,250.969203938203,"China","Male","daly"
2011,250.379912753592,250.030313374067,250.729512133118,"China","Male","daly"
2012,250.232180166268,249.882918542951,250.581441789586,"China","Male","daly"
2013,250.083793965209,249.734824325439,250.432763604979,"China","Male","daly"
2014,250.070093595245,249.721061040409,250.419126150081,"China","Male","daly"
2015,250.04969097939,249.700279406852,250.399102551928,"China","Male","daly"
2016,250.946870383182,250.596303890871,251.297436875494,"China","Male","daly"
2017,253.37396784328,253.021070563493,253.726865123067,"China","Male","daly"
2018,256.310380249857,255.954810418473,256.665950081241,"China","Male","daly"
2019,258.718902551868,258.360901397428,259.076903706308,"China","Male","daly"
2020,259.580463080408,259.221100456289,259.939825704528,"China","Male","daly"
2021,259.418882928718,259.058813773746,259.77895208369,"China","Male","daly"
2022,259.380125464479,259.019393312879,259.740857616079,"China","Male","daly"
2023,258.111053212546,257.744844148252,258.477262276839,"China","Male","daly"
2024,256.510190156572,253.497416153504,259.52296415964,"China","Male","daly"
2025,255.433089000881,249.834940561397,261.031237440365,"China","Male","daly"
2026,254.346953616007,245.568145473785,263.125761758229,"China","Male","daly"
2027,253.276162797199,240.860800330941,265.691525263457,"China","Male","daly"
2028,252.20675514613,235.767722179535,268.645788112724,"China","Male","daly"
2029,251.131810862373,230.321564014899,271.942057709847,"China","Male","daly"
2030,250.043712410056,224.557072912008,275.530351908104,"China","Male","daly"
2031,248.939891841071,218.504064214156,279.375719467986,"China","Male","daly"
2032,247.841709885877,212.206350755988,283.477069015766,"China","Male","daly"
2033,246.73804606843,205.672086990047,287.804005146812,"China","Male","daly"
2034,245.632876065618,198.915685414967,292.35006671627,"China","Male","daly"
2035,244.513119704817,191.945507772868,297.080731636766,"China","Male","daly"
2036,243.374265275528,184.774995200747,301.973535350309,"China","Male","daly"
2037,242.235479292416,177.432998033512,307.037960551319,"China","Male","daly"
2038,241.088720763447,169.923636022225,312.253805504669,"China","Male","daly"
2039,239.943809694472,162.259651052956,317.627968335988,"China","Male","daly"
2040,238.783152949196,154.441233976401,323.125071921991,"China","Male","daly"
2041,237.601208124476,146.476774908577,328.725641340374,"China","Male","daly"
2042,236.415592871498,138.387598536306,334.443587206689,"China","Male","daly"
2043,235.221717871072,130.178217937458,340.265217804687,"China","Male","daly"
2044,234.035039884105,121.861079290135,346.209000478074,"China","Male","daly"
2045,232.833964338278,113.433430884058,352.234497792499,"China","Male","daly"
2046,231.611285870525,104.90115676266,358.32141497839,"China","Male","daly"
2047,230.382735803914,96.2799113836993,364.485560224128,"China","Male","daly"
2048,229.146731125517,87.5748473316495,370.718614919385,"China","Male","daly"
2049,227.921969513669,78.7961017659927,377.047837261345,"China","Male","daly"
2050,226.683174513166,69.9411731387528,383.42517588758,"China","Male","daly"
2051,225.421929986741,61.0153756819449,389.828484291537,"China","Male","daly"
2052,224.151946493506,52.0299335944087,396.273959392603,"China","Male","daly"
2053,222.874111740386,42.9902441170732,402.757979363698,"China","Male","daly"
1990,664.825602865991,664.18632722663,665.464878505353,"China","Male","inc"
1991,664.794290633103,664.164736820984,665.423844445223,"China","Male","inc"
1992,664.758485653895,664.132840440448,665.384130867342,"China","Male","inc"
1993,664.717732167611,664.096107432438,665.339356902783,"China","Male","inc"
1994,664.673490571358,664.055647363023,665.291333779693,"China","Male","inc"
1995,664.620690614375,664.005861990381,665.23551923837,"China","Male","inc"
1996,663.575954272974,662.964024714886,664.187883831061,"China","Male","inc"
1997,661.168571118845,660.559761472354,661.777380765335,"China","Male","inc"
1998,658.325547250388,657.719721083524,658.931373417251,"China","Male","inc"
1999,655.992928641313,655.389323670073,656.596533612553,"China","Male","inc"
2000,655.127306155687,654.524327195027,655.730285116347,"China","Male","inc"
2001,658.325968504687,657.72124283317,658.930694176205,"China","Male","inc"
2002,665.810029912334,665.20123714769,666.418822676978,"China","Male","inc"
2003,674.934778184993,674.320807637392,675.548748732594,"China","Male","inc"
2004,683.03468728515,682.415384275651,683.653990294648,"China","Male","inc"
2005,687.459954747098,686.836299736506,688.083609757691,"China","Male","inc"
2006,688.911276613041,688.284304029268,689.538249196814,"China","Male","inc"
2007,689.891235992538,689.260986208741,690.521485776334,"China","Male","inc"
2008,690.49004427672,689.856605764024,691.123482789416,"China","Male","inc"
2009,690.784966696026,690.1484245823,691.421508809751,"China","Male","inc"
2010,690.849035901442,690.209844293494,691.488227509391,"China","Male","inc"
2011,690.814915500105,690.173751041769,691.456079958442,"China","Male","inc"
2012,690.769549168222,690.126966427547,691.412131908897,"China","Male","inc"
2013,690.712854146923,690.069250179133,691.356458114713,"China","Male","inc"
2014,690.649053725148,690.004526255422,691.293581194874,"China","Male","inc"
2015,690.594080310987,689.94844601726,691.239714604713,"China","Male","inc"
2016,693.261256712245,692.613173644962,693.909339779529,"China","Male","inc"
2017,699.692876113874,699.041008119056,700.344744108693,"China","Male","inc"
2018,707.381838029622,706.726053829971,708.037622229272,"China","Male","inc"
2019,713.809155817367,713.150097328995,714.468214305739,"China","Male","inc"
2020,716.468604043071,715.808178786316,717.129029299826,"China","Male","inc"
2021,716.40066462754,715.740478553506,717.060850701574,"China","Male","inc"
2022,716.306281377088,715.646569430779,716.965993323396,"China","Male","inc"
2023,710.593787971347,709.934671968106,711.252903974587,"China","Male","inc"
2024,707.487217032899,698.459715664559,716.51471840124,"China","Male","inc"
2025,705.407513334358,690.092818072583,720.722208596133,"China","Male","inc"
2026,703.215759640458,679.981342801133,726.450176479784,"China","Male","inc"
2027,700.921841222666,668.563414023595,733.280268421737,"China","Male","inc"
2028,698.49961877425,656.009895614012,740.989341934489,"China","Male","inc"
2029,695.995357983592,642.473892909567,749.516823057617,"China","Male","inc"
2030,693.394199487281,628.055841340064,758.732557634498,"China","Male","inc"
2031,690.697050231299,612.841204669552,768.552895793046,"China","Male","inc"
2032,687.915743127349,596.904303114555,778.927183140143,"China","Male","inc"
2033,685.027485861344,580.27060823125,789.784363491437,"China","Male","inc"
2034,682.06279996675,562.998309009501,801.127290924,"China","Male","inc"
2035,679.002318294573,545.124330294046,812.8803062951,"China","Male","inc"
2036,675.844937321172,526.693721698239,824.996152944105,"China","Male","inc"
2037,672.601688023892,507.753152398451,837.450223649333,"China","Male","inc"
2038,669.258594722332,488.320434350403,850.196755094262,"China","Male","inc"
2039,665.851023460982,468.442168279763,863.259878642201,"China","Male","inc"
2040,662.352682681497,448.135870526656,876.569494836338,"China","Male","inc"
2041,658.757600634845,427.431119365672,890.084081904018,"China","Male","inc"
2042,655.074041166721,406.362553522766,903.785528810676,"China","Male","inc"
2043,651.297436967705,384.95001850375,917.64485543166,"China","Male","inc"
2044,647.473500549007,363.237690450432,931.709310647582,"China","Male","inc"
2045,643.574960161592,341.237872619508,945.912047703677,"China","Male","inc"
2046,639.59442813548,318.973728674797,960.215127596162,"China","Male","inc"
2047,635.538731002035,296.473127034116,974.604334969954,"China","Male","inc"
2048,631.409448112387,273.756480673016,989.062415551757,"China","Male","inc"
2049,627.252559598599,250.859262988952,1003.64585620825,"China","Male","inc"
2050,623.044048340778,227.793497544822,1018.29459913673,"China","Male","inc"
2051,618.776421894345,204.578375917806,1032.97446787088,"China","Male","inc"
2052,614.454222665051,181.235773810291,1047.67267151981,"China","Male","inc"
2053,610.080838497654,157.783640697295,1062.37803629801,"China","Male","inc"
1990,8165.69292855141,8163.36269264556,8168.02316445725,"China","Male","prev"
1991,8165.5940044514,8163.2902032568,8167.897805646,"China","Male","prev"
1992,8165.45405461156,8163.17130477601,8167.73680444711,"China","Male","prev"
1993,8165.26079582951,8162.99821092948,8167.52338072953,"China","Male","prev"
1994,8165.23793864425,8162.99470655389,8167.48117073462,"China","Male","prev"
1995,8165.35089263187,8163.12246220123,8167.57932306252,"China","Male","prev"
1996,8147.79613679808,8145.58347831165,8150.00879528451,"China","Male","prev"
1997,8105.69556779476,8103.50187180892,8107.88926378061,"China","Male","prev"
1998,8055.40849306992,8053.23547143869,8057.58151470114,"China","Male","prev"
1999,8013.56191323491,8011.40884528231,8015.71498118751,"China","Male","prev"
2000,7996.54730497642,7994.40841763967,7998.68619231317,"China","Male","prev"
2001,8039.58541199674,8037.45244298668,8041.7183810068,"China","Male","prev"
2002,8142.07149760902,8139.9370678067,8144.20592741134,"China","Male","prev"
2003,8266.62144735477,8264.48344177383,8268.75945293571,"China","Male","prev"
2004,8376.02068974311,8373.88078260189,8378.16059688433,"China","Male","prev"
2005,8432.8399736205,8430.70216785961,8434.97777938138,"China","Male","prev"
2006,8449.96807225698,8447.83569775488,8452.10044675908,"China","Male","prev"
2007,8464.56904234208,8462.44117438074,8466.69691030343,"China","Male","prev"
2008,8475.77102650532,8473.64690919284,8477.8951438178,"China","Male","prev"
2009,8482.90290689867,8480.78099147457,8485.02482232277,"China","Male","prev"
2010,8485.11525478081,8482.99369645014,8487.23681311147,"China","Male","prev"
2011,8484.37265890817,8482.25066776042,8486.49465005592,"China","Male","prev"
2012,8483.16952514418,8481.04647495906,8485.2925753293,"China","Male","prev"
2013,8481.55005679682,8479.42535843479,8483.67475515885,"China","Male","prev"
2014,8479.74122394968,8477.61363127054,8481.86881662882,"China","Male","prev"
2015,8477.8206893223,8475.68868852714,8479.95269011746,"China","Male","prev"
2016,8511.94233077509,8509.80101637522,8514.08364517495,"China","Male","prev"
2017,8595.9663529551,8593.80956667734,8598.12313923287,"China","Male","prev"
2018,8696.56840449069,8694.39418004256,8698.74262893881,"China","Male","prev"
2019,8780.53233171959,8778.34228155273,8782.72238188645,"China","Male","prev"
2020,8814.53012264603,8812.32994796947,8816.73029732259,"China","Male","prev"
2021,8812.45790976274,8810.25267872294,8814.66314080253,"China","Male","prev"
2022,8810.33418107876,8808.12503177155,8812.54333038598,"China","Male","prev"
2023,8746.38632797618,8744.18300460003,8748.58965135233,"China","Male","prev"
2024,8675.1766272313,8571.19993479235,8779.15331967025,"China","Male","prev"
2025,8634.08942151287,8446.02555317162,8822.15328985413,"China","Male","prev"
2026,8592.66011629403,8300.06193773892,8885.25829484913,"China","Male","prev"
2027,8551.0059573948,8138.66174043038,8963.35017435922,"China","Male","prev"
2028,8508.71029542963,7963.9214803284,9053.49911053086,"China","Male","prev"
2029,8466.15353497948,7777.64153102687,9154.6655389321,"China","Male","prev"
2030,8423.15434868764,7581.06552393761,9265.24317343766,"China","Male","prev"
2031,8379.46298665359,7375.0536563723,9383.87231693487,"China","Male","prev"
2032,8335.1493796685,7160.53727968515,9509.76147965184,"China","Male","prev"
2033,8289.95580219015,6937.95603398716,9641.95557039314,"China","Male","prev"
2034,8244.5861171246,6708.3502411567,9780.82199309249,"China","Male","prev"
2035,8198.63342546491,6472.03411607538,9925.23273485444,"China","Male","prev"
2036,8151.80429741049,6229.3596833046,10074.2489115164,"China","Male","prev"
2037,8104.15995139049,5980.89337614922,10227.4265266318,"China","Male","prev"
2038,8055.58514892886,5726.96463250804,10384.2056653497,"China","Male","prev"
2039,8006.95652667263,5468.47052599141,10545.4425273538,"China","Male","prev"
2040,7957.7117142035,5205.44980667954,10709.9736217275,"China","Male","prev"
2041,7907.53610893317,4938.11829041621,10876.9539274501,"China","Male","prev"
2042,7856.47752608971,4666.90270343327,11046.0523487461,"China","Male","prev"
2043,7804.53278934565,4392.12667755642,11216.9389011349,"China","Male","prev"
2044,7752.67180977826,4114.54594584602,11390.7976737105,"China","Male","prev"
2045,7700.23537595263,3834.12185392962,11566.3488979757,"China","Male","prev"
2046,7646.90000326786,3551.03230222881,11742.7677043069,"China","Male","prev"
2047,7592.70106081456,3265.62620701255,11919.7759146166,"China","Male","prev"
2048,7537.71931682617,2978.21729198538,12097.221341667,"China","Male","prev"
2049,7482.94471292348,2689.3755948652,12276.5138309817,"China","Male","prev"
2050,7427.69491989891,2399.09569070535,12456.2941490925,"China","Male","prev"
2051,7371.65825035855,2107.55992097633,12635.7565797408,"China","Male","prev"
2052,7314.86260458263,1815.06285418491,12814.6623549804,"China","Male","prev"
2053,7257.44261063325,1521.88280717538,12993.0024140911,"China","Male","prev"
1990,488.520617776361,488.281341621105,488.759893931617,"G20","Both","daly"
1991,488.508587500935,488.272340235624,488.744834766247,"G20","Both","daly"
1992,488.550656171122,488.316405642447,488.784906699796,"G20","Both","daly"
1993,488.630494602678,488.398168904829,488.862820300527,"G20","Both","daly"
1994,488.6719588088,488.44148852694,488.90242909066,"G20","Both","daly"
1995,488.803279115785,488.574503273304,489.032054958266,"G20","Both","daly"
1996,488.51005325257,488.283050817249,488.737055687892,"G20","Both","daly"
1997,487.888171160811,487.663090074412,488.11325224721,"G20","Both","daly"
1998,486.960248461844,486.737135697711,487.183361225977,"G20","Both","daly"
1999,486.271530614233,486.050353150558,486.492708077907,"G20","Both","daly"
2000,486.124271429478,485.904792177779,486.343750681176,"G20","Both","daly"
2001,487.036547073172,486.818530078415,487.254564067929,"G20","Both","daly"
2002,489.038432123978,488.821623846507,489.255240401448,"G20","Both","daly"
2003,491.442593040119,491.226871346664,491.658314733575,"G20","Both","daly"
2004,493.530110454597,493.31550980547,493.744711103724,"G20","Both","daly"
2005,494.717153426877,494.503797160021,494.930509693734,"G20","Both","daly"
2006,495.309530939785,495.097467062183,495.521594817388,"G20","Both","daly"
2007,495.929510174865,495.718648905139,496.14037144459,"G20","Both","daly"
2008,496.588214285327,496.378467546068,496.797961024585,"G20","Both","daly"
2009,497.226463418921,497.017732073089,497.435194764754,"G20","Both","daly"
2010,497.634093110824,497.426342676598,497.841843545049,"G20","Both","daly"
2011,497.883049274343,497.676242198982,498.089856349705,"G20","Both","daly"
2012,497.938041895802,497.732175291723,498.143908499881,"G20","Both","daly"
2013,497.845930497664,497.640989796769,498.05087119856,"G20","Both","daly"
2014,497.889965230801,497.685845230086,498.094085231517,"G20","Both","daly"
2015,497.867942272132,497.664590977718,498.071293566547,"G20","Both","daly"
2016,498.533543447141,498.33076518507,498.736321709212,"G20","Both","daly"
2017,500.019043430565,499.816636770514,500.221450090617,"G20","Both","daly"
2018,501.74041457956,501.538296890882,501.942532268237,"G20","Both","daly"
2019,503.247907008603,503.046062999261,503.449751017944,"G20","Both","daly"
2020,502.580758424111,502.379556924175,502.781959924047,"G20","Both","daly"
2021,502.148238209875,501.947560665123,502.348915754627,"G20","Both","daly"
2022,502.300411289322,502.100156658426,502.500665920218,"G20","Both","daly"
2023,501.568124202636,501.368101205403,501.768147199868,"G20","Both","daly"
2024,500.830916245629,496.51518036135,505.146652129907,"G20","Both","daly"
2025,500.195088037125,492.675698192358,507.714477881891,"G20","Both","daly"
2026,499.540834461174,488.010627759188,511.071041163161,"G20","Both","daly"
2027,498.877296595439,482.729344463942,515.025248726936,"G20","Both","daly"
2028,498.163084240468,476.876922927984,519.449245552952,"G20","Both","daly"
2029,497.374694893964,470.468660736891,524.280729051037,"G20","Both","daly"
2030,496.49378408972,463.551770976604,529.435797202836,"G20","Both","daly"
2031,495.57648388343,456.224284759845,534.928683007015,"G20","Both","daly"
2032,494.629236507836,448.523145444184,540.735327571487,"G20","Both","daly"
2033,493.614499382288,440.430531427403,546.798467337173,"G20","Both","daly"
2034,492.51567263423,431.935285625495,553.096059642966,"G20","Both","daly"
2035,491.313978373756,423.053414464268,559.574542283244,"G20","Both","daly"
2036,490.061037895494,413.855750367235,566.266325423753,"G20","Both","daly"
2037,488.767495111637,404.369804273429,573.165185949845,"G20","Both","daly"
2038,487.410549849226,394.585685849359,580.235413849092,"G20","Both","daly"
2039,485.987658169296,384.501350287499,587.473966051093,"G20","Both","daly"
2040,484.485923547747,374.128856261073,594.842990834421,"G20","Both","daly"
2041,482.946036035358,363.51843319394,602.373638876776,"G20","Both","daly"
2042,481.374425590375,352.688042997768,610.060808182982,"G20","Both","daly"
2043,479.75130886455,341.629293897501,617.873323831598,"G20","Both","daly"
2044,478.076811634736,330.341693110061,625.811930159411,"G20","Both","daly"
2045,476.334756696551,318.831071265899,633.838442127203,"G20","Both","daly"
2046,474.550202799605,307.129330746564,641.971074852645,"G20","Both","daly"
2047,472.72505076471,295.248703085513,650.201398443907,"G20","Both","daly"
2048,470.845044051539,283.185954334899,658.504133768179,"G20","Both","daly"
2049,468.91595463215,270.945032353407,666.886876910893,"G20","Both","daly"
2050,466.922117260049,258.531092971192,675.313141548905,"G20","Both","daly"
2051,464.879650701063,245.966224862003,683.793076540123,"G20","Both","daly"
2052,462.78875562294,233.260504783828,692.317006462053,"G20","Both","daly"
2053,460.640702100166,220.415322424695,700.866081775637,"G20","Both","daly"
1990,1121.10277353008,1120.75422798927,1121.45131907088,"G20","Both","inc"
1991,1120.71687819228,1120.37137951764,1121.06237686693,"G20","Both","inc"
1992,1120.33655961623,1119.99349890777,1120.67962032469,"G20","Both","inc"
1993,1119.93729649987,1119.59662145959,1120.27797154015,"G20","Both","inc"
1994,1119.58732790148,1119.24893138328,1119.92572441968,"G20","Both","inc"
1995,1119.26101006558,1118.92474215788,1119.59727797329,"G20","Both","inc"
1996,1118.52846075242,1118.194240483,1118.86268102183,"G20","Both","inc"
1997,1117.20876492566,1116.87657844726,1117.54095140405,"G20","Both","inc"
1998,1116.01910240496,1115.68878300462,1116.3494218053,"G20","Both","inc"
1999,1115.67516712681,1115.34642134002,1116.00391291361,"G20","Both","inc"
2000,1116.78047322172,1116.45288836284,1117.1080580806,"G20","Both","inc"
2001,1120.28007908647,1119.95318945785,1120.60696871509,"G20","Both","inc"
2002,1125.79625695481,1125.46964183393,1126.12287207568,"G20","Both","inc"
2003,1132.09281179365,1131.7662402713,1132.419383316,"G20","Both","inc"
2004,1137.94654721494,1137.61997382615,1138.27312060374,"G20","Both","inc"
2005,1141.96004674707,1141.63366965169,1142.28642384244,"G20","Both","inc"
2006,1144.4456425345,1144.11964398113,1144.77164108788,"G20","Both","inc"
2007,1146.60205548344,1146.27643615783,1146.92767480904,"G20","Both","inc"
2008,1148.43088115776,1148.10565745398,1148.75610486154,"G20","Both","inc"
2009,1149.95681629207,1149.63198506241,1150.28164752174,"G20","Both","inc"
2010,1151.08410905571,1150.75973943965,1151.40847867176,"G20","Both","inc"
2011,1151.54912159123,1151.22534901897,1151.87289416348,"G20","Both","inc"
2012,1151.34333441448,1151.02029381508,1151.66637501387,"G20","Both","inc"
2013,1150.81437224637,1150.49211540361,1151.13662908912,"G20","Both","inc"
2014,1150.3641233608,1150.04259686982,1150.68564985177,"G20","Both","inc"
2015,1150.41111317589,1150.09016548172,1150.73206087005,"G20","Both","inc"
2016,1152.02277809289,1151.70213332799,1152.34342285778,"G20","Both","inc"
2017,1155.12565192607,1154.80512184927,1155.44618200288,"G20","Both","inc"
2018,1158.54462891114,1158.22419334534,1158.86506447694,"G20","Both","inc"
2019,1161.23600456801,1160.91571929348,1161.55628984253,"G20","Both","inc"
2020,1162.09123495542,1161.7713068155,1162.41116309534,"G20","Both","inc"
2021,1161.92594567169,1161.60649037411,1162.24540096927,"G20","Both","inc"
2022,1161.89127925167,1161.57223426363,1162.21032423972,"G20","Both","inc"
2023,1160.25587494421,1159.93716628442,1160.574583604,"G20","Both","inc"
2024,1154.95491614023,1143.99207439083,1165.91775788963,"G20","Both","inc"
2025,1153.19129187526,1135.13429591361,1171.24828783691,"G20","Both","inc"
2026,1151.29973899076,1124.19536498799,1178.40411299354,"G20","Both","inc"
2027,1149.2661147756,1111.67119108831,1186.8610384629,"G20","Both","inc"
2028,1147.02720858845,1097.72255037932,1196.33186679759,"G20","Both","inc"
2029,1144.56292491845,1082.44217501179,1206.68367482512,"G20","Both","inc"
2030,1141.91777371467,1066.01623720638,1217.81931022296,"G20","Both","inc"
2031,1139.1204331044,1048.57219150111,1229.66867470769,"G20","Both","inc"
2032,1136.15698043677,1030.16800195731,1242.14595891623,"G20","Both","inc"
2033,1132.98328558629,1010.80777341539,1255.15879775718,"G20","Both","inc"
2034,1129.593594513,990.513225351189,1268.67396367481,"G20","Both","inc"
2035,1126.03438625829,969.392683851669,1282.67608866492,"G20","Both","inc"
2036,1122.32824542908,947.519570408876,1297.13692044929,"G20","Both","inc"
2037,1118.45901907123,924.921409803012,1311.99662833945,"G20","Both","inc"
2038,1114.39007079623,901.594711234365,1327.18543035809,"G20","Both","inc"
2039,1110.12722365816,877.561071505486,1342.69337581082,"G20","Both","inc"
2040,1105.72596593202,852.91118294433,1358.54074891971,"G20","Both","inc"
2041,1101.20790678943,827.699365524958,1374.7164480539,"G20","Both","inc"
2042,1096.55865413063,801.943583887293,1391.17372437397,"G20","Both","inc"
2043,1091.74678186142,775.639782261741,1407.8537814611,"G20","Both","inc"
2044,1086.78104170053,748.807092638115,1424.75499076294,"G20","Both","inc"
2045,1081.71216104174,721.517192986678,1441.9071290968,"G20","Both","inc"
2046,1076.55521189803,693.80948976993,1459.30093402613,"G20","Both","inc"
2047,1071.29566427975,665.697316682416,1476.89401187708,"G20","Both","inc"
2048,1065.90712660198,637.180080459636,1494.63417274432,"G20","Both","inc"
2049,1060.39949690617,608.27612092218,1512.52287289016,"G20","Both","inc"
2050,1054.81846817483,579.04208713381,1530.59484921585,"G20","Both","inc"
2051,1049.17721043558,549.50917983062,1548.84524104055,"G20","Both","inc"
2052,1043.4641778383,519.689914946049,1567.23844073056,"G20","Both","inc"
2053,1037.65916512975,489.58786196035,1585.73046829915,"G20","Both","inc"
1990,14046.2628810315,14044.9865362176,14047.5392258455,"G20","Both","prev"
1991,14044.6977981376,14043.4327437766,14045.9628524986,"G20","Both","prev"
1992,14046.0193379061,14044.7649930813,14047.273682731,"G20","Both","prev"
1993,14047.5190332252,14046.2749821538,14048.7630842965,"G20","Both","prev"
1994,14048.5692033491,14047.335170794,14049.8032359041,"G20","Both","prev"
1995,14049.5331485266,14048.308414319,14050.7578827341,"G20","Both","prev"
1996,14041.0469505517,14039.8316705571,14042.2622305463,"G20","Both","prev"
1997,14019.0713604478,14017.8661691561,14020.2765517395,"G20","Both","prev"
1998,13992.1129345662,13990.9178987807,13993.3079703517,"G20","Both","prev"
1999,13970.8145226872,13969.6293204103,13971.9997249641,"G20","Both","prev"
2000,13966.1645143286,13964.9879789006,13967.3410497566,"G20","Both","prev"
2001,13992.63200029,13991.4627120799,13993.8012885001,"G20","Both","prev"
2002,14045.6288678471,14044.4656033535,14046.7921323406,"G20","Both","prev"
2003,14108.4740656186,14107.3161909665,14109.6319402706,"G20","Both","prev"
2004,14165.4155720329,14164.2630710426,14166.5680730232,"G20","Both","prev"
2005,14199.4507372484,14198.3041567661,14200.5973177307,"G20","Both","prev"
2006,14218.7080906796,14217.5676148,14219.8485665592,"G20","Both","prev"
2007,14240.2814675461,14239.1466218077,14241.4163132845,"G20","Both","prev"
2008,14261.913908482,14260.784316927,14263.0435000371,"G20","Both","prev"
2009,14281.7298417293,14280.6050789385,14282.8546045201,"G20","Both","prev"
2010,14296.9991481795,14295.8789722609,14298.1193240981,"G20","Both","prev"
2011,14308.4121224632,14307.2963043816,14309.5279405447,"G20","Both","prev"
2012,14317.5007492531,14316.3890958489,14318.6124026573,"G20","Both","prev"
2013,14324.3907566117,14323.283037011,14325.4984762125,"G20","Both","prev"
2014,14330.1241720653,14329.0200459217,14331.2282982088,"G20","Both","prev"
2015,14335.2310982955,14334.1302608371,14336.3319357539,"G20","Both","prev"
2016,14357.8131059895,14356.7146541134,14358.9115578657,"G20","Both","prev"
2017,14404.3258403411,14403.2286947741,14405.4229859082,"G20","Both","prev"
2018,14458.447060214,14457.3507550601,14459.5433653679,"G20","Both","prev"
2019,14503.8402606608,14502.7448486764,14504.9356726452,"G20","Both","prev"
2020,14524.8308100078,14523.7368598529,14525.9247601628,"G20","Both","prev"
2021,14532.0374633586,14530.9452161046,14533.1297106126,"G20","Both","prev"
2022,14539.1658046432,14538.0753425031,14540.2562667833,"G20","Both","prev"
2023,14513.7785210009,14512.6911841317,14514.86585787,"G20","Both","prev"
2024,14485.2769318487,14364.4957647171,14606.0580989802,"G20","Both","prev"
2025,14465.1456815821,14254.7421700211,14675.5491931431,"G20","Both","prev"
2026,14444.1708218762,14121.1845354392,14767.1571083132,"G20","Both","prev"
2027,14422.2460221908,13969.5228634029,14874.9691809786,"G20","Both","prev"
2028,14398.2193022931,13801.1457394403,14995.2928651458,"G20","Both","prev"
2029,14371.6962570611,13616.8312413918,15126.5612727303,"G20","Both","prev"
2030,14342.7658073207,13418.433990993,15267.0976236485,"G20","Both","prev"
2031,14312.6110966189,13208.3269752127,15416.8952180252,"G20","Both","prev"
2032,14281.1682145888,12987.3449628598,15574.9914663178,"G20","Both","prev"
2033,14247.5330545439,12755.1735642903,15739.8925447974,"G20","Both","prev"
2034,14211.5276813571,12511.8140210201,15911.2413416942,"G20","Both","prev"
2035,14173.1983863573,12258.1713498436,16088.225422871,"G20","Both","prev"
2036,14133.4428425655,11995.7266717728,16271.1590133581,"G20","Both","prev"
2037,14092.1941283487,11724.949449886,16459.4388068114,"G20","Both","prev"
2038,14048.7865531419,11445.5791608922,16651.9939453916,"G20","Both","prev"
2039,14003.2635914077,11157.7086145766,16848.8185682388,"G20","Both","prev"
2040,13955.7067100387,10862.0033214254,17049.410098652,"G20","Both","prev"
2041,13906.7587693811,10559.4737367026,17254.0438020596,"G20","Both","prev"
2042,13856.316298231,10250.4308467593,17462.2017497028,"G20","Both","prev"
2043,13803.8735938703,9934.72359598168,17673.0235917588,"G20","Both","prev"
2044,13749.6107121487,9612.52900730892,17886.6924169884,"G20","Both","prev"
2045,13693.6387789381,9284.39104480724,18102.8865130689,"G20","Both","prev"
2046,13636.3883336142,8951.00451730472,18321.7721499236,"G20","Both","prev"
2047,13577.7330734756,8612.59952663435,18542.8666203169,"G20","Both","prev"
2048,13517.3007614521,8269.1283556633,18765.473167241,"G20","Both","prev"
2049,13455.3634669216,7920.814575507,18989.9123583363,"G20","Both","prev"
2050,13392.0808847829,7568.13163439559,19216.0301351702,"G20","Both","prev"
2051,13327.7394347322,7211.57004977738,19443.908819687,"G20","Both","prev"
2052,13262.2020398364,6851.31417618251,19673.0899034904,"G20","Both","prev"
2053,13195.1953846652,6487.38810394888,19903.0026653815,"G20","Both","prev"
1990,688.28576716468,687.882546063929,688.688988265431,"G20","Female","daly"
1991,688.553750620818,688.155735491624,688.951765750012,"G20","Female","daly"
1992,688.748134070683,688.353333935111,689.142934206254,"G20","Female","daly"
1993,688.91822718034,688.526588020137,689.309866340543,"G20","Female","daly"
1994,688.940860673078,688.552329467158,689.329391878998,"G20","Female","daly"
1995,688.96665058033,688.58101564777,689.35228551289,"G20","Female","daly"
1996,688.561601567729,688.178983328933,688.944219806525,"G20","Female","daly"
1997,687.678539546179,687.299212580869,688.057866511489,"G20","Female","daly"
1998,686.382989421408,686.007029991103,686.758948851714,"G20","Female","daly"
1999,685.467122371412,685.094452618709,685.839792124115,"G20","Female","daly"
2000,685.220489189567,684.850728212311,685.590250166823,"G20","Female","daly"
2001,686.274962622367,685.907755021228,686.642170223505,"G20","Female","daly"
2002,689.014449948338,688.649315882506,689.379584014171,"G20","Female","daly"
2003,692.192817402213,691.829576232103,692.556058572322,"G20","Female","daly"
2004,694.980058597525,694.618719050184,695.341398144866,"G20","Female","daly"
2005,696.585337245795,696.226067893537,696.944606598053,"G20","Female","daly"
2006,697.298106188771,696.940984755703,697.655227621838,"G20","Female","daly"
2007,698.049393501974,697.694256955179,698.404530048768,"G20","Female","daly"
2008,698.754847535997,698.401564505792,699.108130566202,"G20","Female","daly"
2009,699.46242383037,699.110800254635,699.814047406104,"G20","Female","daly"
2010,699.895000465533,699.544953917702,700.245047013363,"G20","Female","daly"
2011,700.150395616752,699.801840837313,700.498950396191,"G20","Female","daly"
2012,699.964479621324,699.617439201372,700.311520041277,"G20","Female","daly"
2013,699.576665272875,699.231096824131,699.922233721619,"G20","Female","daly"
2014,699.442500746095,699.098181251439,699.786820240752,"G20","Female","daly"
2015,699.335202356095,698.992002542231,699.678402169959,"G20","Female","daly"
2016,700.137079476571,699.79468068383,700.479478269313,"G20","Female","daly"
2017,701.745413907097,701.403565093367,702.087262720827,"G20","Female","daly"
2018,703.618775205458,703.277351696895,703.960198714021,"G20","Female","daly"
2019,705.292693909521,704.9516421207,705.633745698343,"G20","Female","daly"
2020,703.964384874923,703.624343556681,704.304426193164,"G20","Female","daly"
2021,703.245576046689,702.906303734963,703.584848358416,"G20","Female","daly"
2022,703.365823669999,703.027144822311,703.704502517686,"G20","Female","daly"
2023,702.312307144415,701.97366044722,702.65095384161,"G20","Female","daly"
2024,701.366307110274,695.164448899703,707.568165320845,"G20","Female","daly"
2025,700.415927816985,689.676029008746,711.155826625224,"G20","Female","daly"
2026,699.457268325547,683.032458183352,715.882078467743,"G20","Female","daly"
2027,698.483358839171,675.513086543976,721.453631134365,"G20","Female","daly"
2028,697.42880058693,667.175853103519,727.681748070341,"G20","Female","daly"
2029,696.263537155099,658.045923624583,734.481150685616,"G20","Female","daly"
2030,694.967946455089,648.197600502648,741.73829240753,"G20","Female","daly"
2031,693.63775483405,637.785203638246,749.490306029855,"G20","Female","daly"
2032,692.261491771482,626.841687966034,757.68129557693,"G20","Female","daly"
2033,690.780436840822,615.336591016871,766.224282664772,"G20","Female","daly"
2034,689.173554138477,603.25645735345,775.090650923504,"G20","Female","daly"
2035,687.422035931491,590.631703594756,784.212368268226,"G20","Female","daly"
2036,685.613145195124,577.574823537147,793.651466853102,"G20","Female","daly"
2037,683.743627767026,564.108835378568,803.378420155484,"G20","Female","daly"
2038,681.777310906471,550.216481807483,813.338140005458,"G20","Female","daly"
2039,679.713244321804,535.897193041933,823.529295601675,"G20","Female","daly"
2040,677.541842315256,521.175519756591,833.90816487392,"G20","Female","daly"
2041,675.330745762893,506.130020928075,844.531470597711,"G20","Female","daly"
2042,673.071688081484,490.772539586759,855.370836576208,"G20","Female","daly"
2043,670.732254660294,475.088070642113,866.376438678475,"G20","Female","daly"
2044,668.313126822752,459.076619200521,877.549634444983,"G20","Female","daly"
2045,665.80086633008,442.753658643525,888.848074016635,"G20","Female","daly"
2046,663.23925105959,426.169655123443,900.308846995737,"G20","Female","daly"
2047,660.616348109373,409.332049681838,911.900646536908,"G20","Female","daly"
2048,657.909140037247,392.234705818679,923.583574255815,"G20","Female","daly"
2049,655.12612502882,374.883781574672,935.368468482968,"G20","Female","daly"
2050,652.254157255082,357.292451258445,947.215863251718,"G20","Female","daly"
2051,649.323171172664,339.495682482465,959.150659862863,"G20","Female","daly"
2052,646.320457966165,321.500484509245,971.140431423084,"G20","Female","daly"
2053,643.230823981917,303.307695847235,983.153952116598,"G20","Female","daly"
1990,1427.37495151179,1426.81297045892,1427.93693256465,"G20","Female","inc"
1991,1426.98510869525,1426.42803133151,1427.542186059,"G20","Female","inc"
1992,1426.5318237664,1425.97854770145,1427.08509983135,"G20","Female","inc"
1993,1425.99867924132,1425.44915454319,1426.54820393945,"G20","Female","inc"
1994,1425.45945498514,1424.91354752114,1426.00536244914,"G20","Female","inc"
1995,1424.86229967302,1424.31981208543,1425.40478726061,"G20","Female","inc"
1996,1423.99930905068,1423.46009934542,1424.53851875593,"G20","Female","inc"
1997,1422.80116985286,1422.26515690756,1423.33718279815,"G20","Female","inc"
1998,1421.92854497921,1421.39543825843,1422.46165169999,"G20","Female","inc"
1999,1421.99830933055,1421.46764568897,1422.52897297212,"G20","Female","inc"
2000,1423.45180699314,1422.92300103743,1423.98061294884,"G20","Female","inc"
2001,1427.61014257499,1427.08249042637,1428.1377947236,"G20","Female","inc"
2002,1434.25453809073,1433.72737311098,1434.78170307047,"G20","Female","inc"
2003,1441.83024309831,1441.3032043659,1442.35728183071,"G20","Female","inc"
2004,1448.85180641261,1448.32479199339,1449.37882083184,"G20","Female","inc"
2005,1453.54915272116,1453.02246304172,1454.07584240059,"G20","Female","inc"
2006,1456.33071011119,1455.80462060735,1456.85679961504,"G20","Female","inc"
2007,1458.67376803855,1458.14827410153,1459.19926197558,"G20","Female","inc"
2008,1460.60649703327,1460.08161849051,1461.13137557603,"G20","Female","inc"
2009,1462.19027810101,1461.66599936625,1462.71455683577,"G20","Female","inc"
2010,1463.32309687942,1462.79952047363,1463.84667328522,"G20","Female","inc"
2011,1463.43307272606,1462.91045465721,1463.95569079491,"G20","Female","inc"
2012,1462.36538920546,1461.84400120561,1462.88677720531,"G20","Female","inc"
2013,1460.80136348665,1460.28129054281,1461.32143643049,"G20","Female","inc"
2014,1459.48226680391,1458.96337696922,1460.0011566386,"G20","Female","inc"
2015,1459.14339582794,1458.62536897961,1459.66142267626,"G20","Female","inc"
2016,1460.52503481001,1460.00747151216,1461.04259810785,"G20","Female","inc"
2017,1463.07552035187,1462.55824705423,1463.5927936495,"G20","Female","inc"
2018,1465.77786973983,1465.26089719708,1466.29484228258,"G20","Female","inc"
2019,1467.75998956917,1467.24337123084,1468.27660790749,"G20","Female","inc"
2020,1468.06942610306,1467.55339926765,1468.58545293848,"G20","Female","inc"
2021,1467.43799163799,1466.92270684839,1467.95327642759,"G20","Female","inc"
2022,1467.10621178108,1466.59153173447,1467.62089182769,"G20","Female","inc"
2023,1465.55565658262,1465.04121046338,1466.07010270187,"G20","Female","inc"
2024,1459.03757907359,1444.17166212238,1473.90349602481,"G20","Female","inc"
2025,1456.77466531486,1432.54003801017,1481.00929261956,"G20","Female","inc"
2026,1454.36462297179,1418.15315746609,1490.57608847748,"G20","Female","inc"
2027,1451.78896749453,1401.67627139968,1501.90166358937,"G20","Female","inc"
2028,1448.97069806815,1383.33420010248,1514.60719603383,"G20","Female","inc"
2029,1445.87211359323,1363.24352260341,1528.50070458306,"G20","Female","inc"
2030,1442.53728502145,1341.63787256791,1543.43669747499,"G20","Female","inc"
2031,1439.00865675261,1318.69068117501,1559.32663233021,"G20","Female","inc"
2032,1435.26791695841,1294.47869842679,1576.05713549003,"G20","Female","inc"
2033,1431.26539235446,1269.01575089421,1593.51503381471,"G20","Female","inc"
2034,1426.98932567894,1242.32836625319,1611.65028510469,"G20","Female","inc"
2035,1422.48764244789,1214.54808498042,1630.42719991536,"G20","Female","inc"
2036,1417.79230279622,1185.77407384297,1649.81053174947,"G20","Female","inc"
2037,1412.8832498989,1156.04407569756,1669.72242410023,"G20","Female","inc"
2038,1407.72096183125,1125.36156099072,1690.08036267178,"G20","Female","inc"
2039,1402.31063156155,1093.75407095151,1710.8671921716,"G20","Female","inc"
2040,1396.71498115325,1061.33288500396,1732.09707730254,"G20","Female","inc"
2041,1390.9623720258,1028.16992741562,1753.75481663598,"G20","Female","inc"
2042,1385.03504104742,994.290473475363,1775.77960861948,"G20","Female","inc"
2043,1378.89897947445,959.695665420266,1798.10229352863,"G20","Female","inc"
2044,1372.56364847497,924.410068253637,1820.7172286963,"G20","Female","inc"
2045,1366.09026938411,888.523913374726,1843.6566253935,"G20","Female","inc"
2046,1359.49865151915,852.089362675027,1866.90794036326,"G20","Female","inc"
2047,1352.77122762586,815.125689662597,1890.41676558912,"G20","Female","inc"
2048,1345.87884883569,777.636604202011,1914.12109346937,"G20","Female","inc"
2049,1338.83231980491,739.645319312503,1938.01932029732,"G20","Female","inc"
2050,1331.68955412428,701.224400273895,1962.15470797467,"G20","Female","inc"
2051,1324.46831937738,662.415101138117,1986.52153761665,"G20","Female","inc"
2052,1317.15492210988,623.235128278968,2011.0747159408,"G20","Female","inc"
2053,1309.72635940396,583.691692697283,2035.76102611064,"G20","Female","inc"
1990,18015.8495362548,18013.7915935545,18017.9074789551,"G20","Female","prev"
1991,18018.9996077959,18016.9590877438,18021.040127848,"G20","Female","prev"
1992,18024.1368711728,18022.1130742031,18026.1606681424,"G20","Female","prev"
1993,18027.1296899836,18025.1222531881,18029.1371267792,"G20","Female","prev"
1994,18026.8816333048,18024.8904641197,18028.8728024899,"G20","Female","prev"
1995,18023.9505195298,18021.974705536,18025.9263335236,"G20","Female","prev"
1996,18010.9874438676,18009.0273263094,18012.9475614257,"G20","Female","prev"
1997,17985.8327527137,17983.889168044,17987.7763373835,"G20","Female","prev"
1998,17955.852125784,17953.9251353424,17957.7791162256,"G20","Female","prev"
1999,17931.2064145868,17929.2955632325,17933.117265941,"G20","Female","prev"
2000,17922.3577108369,17920.4613756243,17924.2540460495,"G20","Female","prev"
2001,17948.9047351444,17947.0208023026,17950.7886679862,"G20","Female","prev"
2002,18008.367370665,18006.4938830221,18010.2408583078,"G20","Female","prev"
2003,18079.9909710238,18078.1268949566,18081.8550470909,"G20","Female","prev"
2004,18144.8888708413,18143.0339804991,18146.7437611836,"G20","Female","prev"
2005,18181.5539971194,18179.7089910101,18183.3990032287,"G20","Female","prev"
2006,18199.7033644555,18197.8684598719,18201.5382690391,"G20","Female","prev"
2007,18220.2866329125,18218.4610399846,18222.1122258403,"G20","Female","prev"
2008,18241.0356338239,18239.2186899225,18242.8525777253,"G20","Female","prev"
2009,18260.2189564624,18258.4098334173,18262.0280795076,"G20","Female","prev"
2010,18274.6323357028,18272.830495856,18276.4341755495,"G20","Female","prev"
2011,18282.3861322284,18280.5912225159,18284.1810419409,"G20","Female","prev"
2012,18283.6970483333,18281.9088421147,18285.4852545518,"G20","Female","prev"
2013,18281.4608246587,18279.678880037,18283.2427692804,"G20","Female","prev"
2014,18279.8714556535,18278.0949870567,18281.6479242502,"G20","Female","prev"
2015,18282.0259269878,18280.2541256328,18283.7977283428,"G20","Female","prev"
2016,18303.5226053426,18301.7541296615,18305.2910810236,"G20","Female","prev"
2017,18346.705507266,18344.939037715,18348.471976817,"G20","Female","prev"
2018,18396.4864792869,18394.7214228982,18398.2515356756,"G20","Female","prev"
2019,18437.8195525954,18436.0558763648,18439.583228826,"G20","Female","prev"
2020,18456.2015412774,18454.4398965574,18457.9631859973,"G20","Female","prev"
2021,18459.8793963199,18458.1202021612,18461.6385904785,"G20","Female","prev"
2022,18464.9097868098,18463.1530740063,18466.6664996132,"G20","Female","prev"
2023,18434.5784247211,18432.8259296488,18436.3309197934,"G20","Female","prev"
2024,18397.2183676512,18241.5949378474,18552.8417974551,"G20","Female","prev"
2025,18370.9807588286,18105.5707779361,18636.3907397211,"G20","Female","prev"
2026,18344.1021029524,17940.3997700058,18747.8044358991,"G20","Female","prev"
2027,18316.252367554,17753.0962393333,18879.4084957746,"G20","Female","prev"
2028,18285.7464452237,17545.1082690435,19026.3846214039,"G20","Female","prev"
2029,18251.9011399136,17317.1302607339,19186.6720190933,"G20","Female","prev"
2030,18215.0258120187,17071.7795390214,19358.2720850159,"G20","Female","prev"
2031,18176.967620169,16812.4019193523,19541.5333209857,"G20","Female","prev"
2032,18137.4913270148,16539.8652840304,19735.1173699992,"G20","Female","prev"
2033,18095.2618237858,16253.4973270791,19937.0263204926,"G20","Female","prev"
2034,18049.8481567406,15953.0103707855,20146.6859426957,"G20","Female","prev"
2035,18001.5053312106,15639.7733801601,20363.237282261,"G20","Female","prev"
2036,17951.6176982505,15315.8899823287,20587.3454141724,"G20","Female","prev"
2037,17899.9723000638,14981.8113828931,20818.1332172344,"G20","Female","prev"
2038,17845.5765878096,14637.003812469,21054.1493631502,"G20","Female","prev"
2039,17788.2992894244,14281.3505578846,21295.2480209643,"G20","Female","prev"
2040,17728.4585419536,13915.9040048022,21541.013079105,"G20","Female","prev"
2041,17667.0404878004,13542.0891501891,21791.9918254118,"G20","Female","prev"
2042,17603.8118444485,13160.192119797,22047.4315691,"G20","Female","prev"
2043,17538.0117350497,12769.8649104542,22306.1585596452,"G20","Female","prev"
2044,17469.6956575818,12371.1405764032,22568.2507387605,"G20","Female","prev"
2045,17399.2315653263,11964.8981958316,22833.5649348211,"G20","Female","prev"
2046,17327.2819488345,11552.1044731932,23102.4594244758,"G20","Female","prev"
2047,17253.6064898933,11132.9688504073,23374.2441293793,"G20","Female","prev"
2048,17177.6334155285,10707.3070305676,23647.9598004894,"G20","Female","prev"
2049,17099.5487131883,10275.2500847499,23923.8473416267,"G20","Female","prev"
2050,17019.7895229612,9837.56377811536,24202.015267807,"G20","Female","prev"
2051,16938.806228166,9394.92202829783,24482.6904280342,"G20","Female","prev"
2052,16856.3648845628,8947.49600287883,24765.2337662467,"G20","Female","prev"
2053,16772.032550989,8495.21667197427,25048.8484300038,"G20","Female","prev"
1990,293.516591245545,293.255900305555,293.777282185535,"G20","Male","daly"
1991,293.465546082735,293.210412598249,293.72067956722,"G20","Male","daly"
1992,293.513652651942,293.260709659288,293.766595644597,"G20","Male","daly"
1993,293.592042330246,293.341231783482,293.842852877011,"G20","Male","daly"
1994,293.656663531091,293.407834189821,293.905492872361,"G20","Male","daly"
1995,293.826019639209,293.578938317643,294.073100960776,"G20","Male","daly"
1996,293.523708219145,293.278537764356,293.768878673934,"G20","Male","daly"
1997,292.99853133046,292.755431451392,293.241631209528,"G20","Male","daly"
1998,292.263268237043,292.022305492645,292.504230981441,"G20","Male","daly"
1999,291.629933290453,291.391086272002,291.868780308903,"G20","Male","daly"
2000,291.417715734296,291.180692479089,291.654738989503,"G20","Male","daly"
2001,292.039483671335,291.803952123044,292.275015219625,"G20","Male","daly"
2002,293.165759593578,292.931513810641,293.400005376514,"G20","Male","daly"
2003,294.659680071761,294.426543988291,294.892816155232,"G20","Male","daly"
2004,295.959064368854,295.727097371866,296.191031365842,"G20","Male","daly"
2005,296.67200250446,296.441364199143,296.902640809777,"G20","Male","daly"
2006,297.11139721733,296.882122943337,297.340671491323,"G20","Male","daly"
2007,297.569080378133,297.341077836374,297.797082919891,"G20","Male","daly"
2008,298.160542049477,297.933679596921,298.387404502034,"G20","Male","daly"
2009,298.739865357461,298.514043994663,298.965686720259,"G20","Male","daly"
2010,299.169725884428,298.944923612006,299.394528156851,"G20","Male","daly"
2011,299.490195438728,299.266383738638,299.714007138818,"G20","Male","daly"
2012,299.896016610853,299.673124964625,300.118908257081,"G20","Male","daly"
2013,300.25142109002,300.029431515451,300.473410664588,"G20","Male","daly"
2014,300.690003903644,300.468823069677,300.911184737611,"G20","Male","daly"
2015,301.018304743601,300.797914776945,301.238694710257,"G20","Male","daly"
2016,301.837631148453,301.617799792027,302.057462504878,"G20","Male","daly"
2017,303.481538003916,303.261922890052,303.70115311778,"G20","Male","daly"
2018,305.33498326011,305.115472871137,305.554493649082,"G20","Male","daly"
2019,306.959289000438,306.739910448532,307.178667552344,"G20","Male","daly"
2020,307.183399463627,306.964569555657,307.402229371597,"G20","Male","daly"
2021,307.206863405218,306.988537116199,307.425189694238,"G20","Male","daly"
2022,307.566152248082,307.348257438882,307.784047057282,"G20","Male","daly"
2023,307.368972751448,307.150340643683,307.587604859212,"G20","Male","daly"
2024,307.392079749077,304.644771073879,310.139388424275,"G20","Male","daly"
2025,307.26311648338,302.449442641638,312.076790325121,"G20","Male","daly"
2026,307.113242225598,299.71797855782,314.508505893376,"G20","Male","daly"
2027,306.969889681676,296.601058981652,317.338720381701,"G20","Male","daly"
2028,306.810476259575,293.129094833986,320.491857685164,"G20","Male","daly"
2029,306.609853105146,289.301302464922,323.918403745369,"G20","Male","daly"
2030,306.341236235941,285.132384146082,327.5500883258,"G20","Male","daly"
2031,306.03994981398,280.683894162647,331.396005465313,"G20","Male","daly"
2032,305.731268740678,275.998306729415,335.464230751942,"G20","Male","daly"
2033,305.394772655001,271.06663007351,339.722915236491,"G20","Male","daly"
2034,305.011444110298,265.873799269112,344.149088951483,"G20","Male","daly"
2035,304.554410862444,260.416420152687,348.692401572201,"G20","Male","daly"
2036,304.053412627953,254.736747279164,353.370077976742,"G20","Male","daly"
2037,303.534603972928,248.868373894514,358.200834051341,"G20","Male","daly"
2038,302.986516274944,242.806904429008,363.16612812088,"G20","Male","daly"
2039,302.400313491028,236.544818041775,368.255808940282,"G20","Male","daly"
2040,301.752817184184,230.077799106836,373.427835261533,"G20","Male","daly"
2041,301.06650608848,223.435351085861,378.697661091098,"G20","Male","daly"
2042,300.363637312904,216.642604055033,384.084670570775,"G20","Male","daly"
2043,299.636249682563,209.697237700466,389.57526166466,"G20","Male","daly"
2044,298.880529045,202.595798978543,395.165259111456,"G20","Male","daly"
2045,298.072644330415,195.33262490473,400.812663756101,"G20","Male","daly"
2046,297.224374928909,187.925515910967,406.523233946851,"G20","Male","daly"
2047,296.352656121929,180.392603753712,412.312708490147,"G20","Male","daly"
2048,295.452389491805,172.734079348867,418.170699634744,"G20","Male","daly"
2049,294.525074771234,164.9507515748,424.099397967668,"G20","Male","daly"
2050,293.549446421031,157.039386590436,430.059506251626,"G20","Male","daly"
2051,292.531424068558,149.011907489969,436.050940647147,"G20","Male","daly"
2052,291.485095284815,140.882278932644,442.087911636986,"G20","Male","daly"
2053,290.408248263193,132.652796301272,448.163700225114,"G20","Male","daly"
1990,828.129959867068,827.711039540604,828.548880193533,"G20","Male","inc"
1991,828.112382006195,827.69835583996,828.526408172429,"G20","Male","inc"
1992,828.1135426148,827.702425775743,828.524659453858,"G20","Male","inc"
1993,828.088020988105,827.679763255453,828.496278720758,"G20","Male","inc"
1994,828.084173781823,827.678612327975,828.48973523567,"G20","Male","inc"
1995,828.102195061443,827.699119673097,828.505270449789,"G20","Male","inc"
1996,827.498325675792,827.097694456022,827.898956895562,"G20","Male","inc"
1997,826.01032400843,825.61221685163,826.40843116523,"G20","Male","inc"
1998,824.425869454665,824.030124127954,824.821614781375,"G20","Male","inc"
1999,823.574203001713,823.180442957477,823.967963045949,"G20","Male","inc"
2000,824.223687472151,823.831314581692,824.616060362609,"G20","Male","inc"
2001,826.988798432668,826.597183691128,827.380413174208,"G20","Male","inc"
2002,831.310194963387,830.918818143373,831.7015717834,"G20","Male","inc"
2003,836.258628234482,835.867198222737,836.650058246228,"G20","Male","inc"
2004,840.907990305508,840.516461803198,841.299518807818,"G20","Male","inc"
2005,844.223767772926,843.832383573145,844.615151972707,"G20","Male","inc"
2006,846.423402880734,846.032390750756,846.814415010712,"G20","Male","inc"
2007,848.42030890443,848.02966751209,848.810950296771,"G20","Male","inc"
2008,850.189567849215,849.799319720647,850.579815977783,"G20","Male","inc"
2009,851.715682198946,851.325834403186,852.105529994707,"G20","Male","inc"
2010,852.910475141728,852.521123786321,853.299826497134,"G20","Male","inc"
2011,853.803111944643,853.414380156837,854.191843732449,"G20","Male","inc"
2012,854.539224358526,854.15120392025,854.927244796801,"G20","Male","inc"
2013,855.168392894588,854.781129747508,855.555656041669,"G20","Male","inc"
2014,855.777340707241,855.39080660635,856.163874808133,"G20","Male","inc"
2015,856.472694302934,856.086786450916,856.858602154952,"G20","Male","inc"
2016,858.59685714051,858.211194444761,858.982519836259,"G20","Male","inc"
2017,862.515826102214,862.130033454489,862.901618749938,"G20","Male","inc"
2018,866.912789267809,866.526791035357,867.298787500261,"G20","Male","inc"
2019,870.57821348685,870.19211824099,870.96430873271,"G20","Male","inc"
2020,872.226696142149,871.840876315401,872.612515968896,"G20","Male","inc"
2021,872.732756584147,872.347402956388,873.118110211906,"G20","Male","inc"
2022,873.220278009016,872.835364463771,873.605191554261,"G20","Male","inc"
2023,871.754827566537,871.369930866985,872.139724266089,"G20","Male","inc"
2024,868.39258581595,860.223528658201,876.561642973699,"G20","Male","inc"
2025,867.322035792858,853.523643068873,881.120428516842,"G20","Male","inc"
2026,866.147782754013,845.21272041937,887.082845088656,"G20","Male","inc"
2027,864.858797010591,835.664377948882,894.0532160723,"G20","Male","inc"
2028,863.39664297981,824.986871618599,901.806414341021,"G20","Male","inc"
2029,861.75441105799,813.253595502333,910.255226613647,"G20","Male","inc"
2030,859.969534764476,800.6127473195,919.326322209451,"G20","Male","inc"
2031,858.066710340608,787.166263711018,928.967156970197,"G20","Male","inc"
2032,856.038315983299,772.962805858233,939.113826108366,"G20","Male","inc"
2033,853.842384729802,757.998572924317,949.686196535288,"G20","Male","inc"
2034,851.478075274168,742.291500856157,960.664649692179,"G20","Male","inc"
2035,848.984657309095,725.929572538323,972.039742079866,"G20","Male","inc"
2036,846.382055035802,708.972540284711,983.791569786893,"G20","Male","inc"
2037,843.660487096065,691.444742775531,995.876231416599,"G20","Male","inc"
2038,840.785679143451,673.338802829297,1008.2325554576,"G20","Male","inc"
2039,837.765464592421,654.672629406266,1020.85829977858,"G20","Male","inc"
2040,834.643001658226,635.517036110162,1033.76896720629,"G20","Male","inc"
2041,831.436529430361,615.915600456945,1046.95745840378,"G20","Male","inc"
2042,828.136149407786,595.883600570769,1060.3886982448,"G20","Male","inc"
2043,824.712730375105,575.414526268709,1074.0109344815,"G20","Male","inc"
2044,821.176591945654,554.524452745284,1087.82873114602,"G20","Male","inc"
2045,817.564527749568,533.267110882929,1101.86194461621,"G20","Male","inc"
2046,813.888781216416,511.673620216494,1116.10394221634,"G20","Male","inc"
2047,810.138641106295,489.75510670534,1130.52217550725,"G20","Male","inc"
2048,806.290672721653,467.509549337407,1145.0717961059,"G20","Male","inc"
2049,802.356576048111,444.952685197101,1159.76046689912,"G20","Male","inc"
2050,798.368087258146,422.125910913555,1174.61026360274,"G20","Male","inc"
2051,794.335186909468,399.053421583987,1189.61695223495,"G20","Male","inc"
2052,790.24884022363,375.745355223612,1204.75232522365,"G20","Male","inc"
2053,786.091461352241,352.203943680897,1219.97897902359,"G20","Male","inc"
1990,10180.7599558594,10179.2309435925,10182.2889681263,"G20","Male","prev"
1991,10178.8914374924,10177.3762584006,10180.4066165843,"G20","Male","prev"
1992,10179.4137638895,10177.9118224643,10180.9157053147,"G20","Male","prev"
1993,10180.8220179848,10179.3326130276,10182.3114229421,"G20","Male","prev"
1994,10182.9795405812,10181.502095805,10184.4569853574,"G20","Male","prev"
1995,10186.3140518849,10184.8476003925,10187.7805033774,"G20","Male","prev"
1996,10179.5968923864,10178.1416273168,10181.0521574561,"G20","Male","prev"
1997,10157.4507869061,10156.0078016144,10158.8937721979,"G20","Male","prev"
1998,10129.830302888,10128.3997638585,10131.2608419175,"G20","Male","prev"
1999,10108.1787575919,10106.760152416,10109.5973627678,"G20","Male","prev"
2000,10104.0484540939,10102.640044811,10105.4568633767,"G20","Male","prev"
2001,10127.2888300879,10125.8886169403,10128.6890432356,"G20","Male","prev"
2002,10170.8172288073,10169.4237035742,10172.2107540404,"G20","Male","prev"
2003,10222.0251196491,10220.6374986728,10223.4127406254,"G20","Male","prev"
2004,10268.9841695677,10267.6025226563,10270.3658164792,"G20","Male","prev"
2005,10298.9136359337,10297.5387278146,10300.2885440529,"G20","Male","prev"
2006,10318.1582815819,10316.7903568379,10319.5262063259,"G20","Male","prev"
2007,10339.7925654208,10338.4310378031,10341.1540930386,"G20","Male","prev"
2008,10361.715135741,10360.3595593495,10363.0707121326,"G20","Male","prev"
2009,10382.2745384944,10380.9244680432,10383.6246089457,"G20","Male","prev"
2010,10399.2481442039,10397.9033721306,10400.5929162772,"G20","Male","prev"
2011,10415.7733563837,10414.4335046806,10417.1132080867,"G20","Male","prev"
2012,10434.6810311651,10433.3456680205,10436.0163943096,"G20","Male","prev"
2013,10453.6622834186,10452.331107747,10454.9934590901,"G20","Male","prev"
2014,10470.8662810026,10469.5390490773,10472.193512928,"G20","Male","prev"
2015,10484.0872156933,10482.7638667953,10485.4105645914,"G20","Male","prev"
2016,10513.4960315122,10512.175305084,10514.8167579404,"G20","Male","prev"
2017,10569.0568292996,10567.736908142,10570.3767504573,"G20","Male","prev"
2018,10633.1801737747,10631.8603205313,10634.5000270181,"G20","Male","prev"
2019,10688.2485780096,10686.9290247469,10689.5681312723,"G20","Male","prev"
2020,10716.5282059186,10715.2100862692,10717.846325568,"G20","Male","prev"
2021,10730.5962042157,10729.2799276425,10731.9124807888,"G20","Male","prev"
2022,10743.5516294616,10742.2373973312,10744.865861592,"G20","Male","prev"
2023,10727.4447106633,10726.1346308538,10728.7547904727,"G20","Male","prev"
2024,10711.9187628037,8328.70301900848,13095.1345065989,"G20","Male","prev"
2025,10700.0480900443,5400.62896859752,15999.467211491,"G20","Male","prev"
2026,10689.0112696955,1863.75727720581,19514.2652621851,"G20","Male","prev"
2027,10674.4748822476,-2182.23821755458,23531.1879820499,"G20","Male","prev"
2028,10647.2507095753,-6659.42065978698,27953.9220789376,"G20","Male","prev"
2029,10598.4963610443,-11513.3386021989,32710.3313242875,"G20","Male","prev"
2030,10534.1783186532,-16675.4388287298,37743.7954660361,"G20","Male","prev"
2031,10466.8901064083,-22110.9234334247,43044.7036462413,"G20","Male","prev"
2032,10398.2476276439,-27788.4488734807,48584.9441287685,"G20","Male","prev"
2033,10319.5937994582,-33651.3229290549,54290.5105279713,"G20","Male","prev"
2034,10210.4382411629,-39595.3550937305,60016.2315760562,"G20","Male","prev"
2035,10083.0244181186,-45593.6666688692,65759.7155051064,"G20","Male","prev"
2036,9954.04523413121,-51673.9536664705,71582.0441347329,"G20","Male","prev"
2037,9828.17469600517,-57839.5781514141,77495.9275434245,"G20","Male","prev"
2038,9697.44617440679,-64025.6113753806,83420.5037241941,"G20","Male","prev"
2039,9537.87898108882,-70040.5029357682,89116.2608979458,"G20","Male","prev"
2040,9363.34376041249,-75912.6369510433,94639.3244718683,"G20","Male","prev"
2041,9190.69915051384,-81738.3117805009,100119.710081529,"G20","Male","prev"
2042,9025.5071845875,-87558.2043222647,105609.21869144,"G20","Male","prev"
2043,8859.6555885389,-93288.7684568816,111008.079633959,"G20","Male","prev"
2044,8665.94146711231,-98613.370064602,115945.252998827,"G20","Male","prev"
2045,8459.68725688896,-103631.016875271,120550.391389049,"G20","Male","prev"
2046,8257.58847533004,-108510.775436219,125025.952386879,"G20","Male","prev"
2047,8065.86045076073,-113334.645825966,129466.366727487,"G20","Male","prev"
2048,7876.91541401485,-118002.185250054,133756.016078084,"G20","Male","prev"
2049,7661.07307117507,-122041.889814339,137364.035956689,"G20","Male","prev"
2050,7434.55574885594,-125634.711868119,140503.823365831,"G20","Male","prev"
2051,7213.77815374097,-129026.516962149,143454.073269631,"G20","Male","prev"
2052,7005.47101041765,-132345.703334433,146356.645355269,"G20","Male","prev"
2053,6802.94626096083,-135482.247337591,149088.139859513,"G20","Male","prev"
                                  