country,sex,measure,year,projection,PI_lower,PI_upper,model
China,Both,ASDR,1990.0,372.48616837019154,372.1344296536533,372.83790708672984,BAPC
China,Both,ASDR,1991.0,372.78300825302796,372.43771419146987,373.12830231458605,BAPC
China,Both,ASDR,1992.0,373.0242111865582,372.68184322563525,373.3665791474821,BAPC
China,Both,ASDR,1993.0,373.3410948110841,373.0015510030867,373.68063861908144,BAPC
China,Both,ASDR,1994.0,373.5410781167253,373.20427549072133,373.87788074272936,BAPC
China,Both,ASDR,1995.0,373.9085295816483,373.57377674070176,374.2432824225948,BAPC
China,Both,ASDR,1996.0,373.2518945341678,372.91961801459956,373.58417105373604,BAPC
China,Both,ASDR,1997.0,371.92586496585903,371.59645617594,372.2552737557781,BAPC
China,Both,ASDR,1998.0,370.09743872301726,369.77124194971253,370.42363549632205,BAPC
China,Both,ASDR,1999.0,368.5850392004194,368.26214883130945,368.9079295695304,BAPC
China,Both,ASDR,2000.0,368.11558462082183,367.79504684223525,368.4361223994094,BAPC
China,Both,ASDR,2001.0,370.4259123768676,370.10654416200776,370.74528059172826,BAPC
China,Both,ASDR,2002.0,375.69577316433293,375.37636062464406,376.01518570402277,BAPC
China,Both,ASDR,2003.0,382.0100511863261,381.6902601189698,382.32984225368335,BAPC
China,Both,ASDR,2004.0,387.55301129947736,387.2331456635346,387.8728769354201,BAPC
China,Both,ASDR,2005.0,390.34487868454914,390.02569566869374,390.6640617004035,BAPC
China,Both,ASDR,2006.0,391.06619153092726,390.7483320430782,391.38405101877623,BAPC
China,Both,ASDR,2007.0,391.67290549360433,391.3561918148569,391.9896191723518,BAPC
China,Both,ASDR,2008.0,392.29233537605273,391.9765011850739,392.6081695670315,BAPC
China,Both,ASDR,2009.0,392.4294145168803,392.1142759802835,392.7445530534761,BAPC
China,Both,ASDR,2010.0,392.56984396366784,392.2549204417438,392.88476748559185,BAPC
China,Both,ASDR,2011.0,392.4568862575568,392.1421115707116,392.77166094440094,BAPC
China,Both,ASDR,2012.0,392.13482021741066,391.82021646828576,392.4494239665355,BAPC
China,Both,ASDR,2013.0,391.8417545991315,391.52723707851777,392.15627211974413,BAPC
China,Both,ASDR,2014.0,391.5971270231889,391.2824252129312,391.91182883344567,BAPC
China,Both,ASDR,2015.0,391.37762252238275,391.0624039300778,391.69284111468767,BAPC
China,Both,ASDR,2016.0,392.47053119228127,392.154191013077,392.7868713714855,BAPC
China,Both,ASDR,2017.0,395.65945674105564,395.34109563391155,395.9778178482007,BAPC
China,Both,ASDR,2018.0,399.452625008826,399.1320276674101,399.77322235024286,BAPC
China,Both,ASDR,2019.0,402.6186971588969,402.2959657815171,402.9414285362768,BAPC
China,Both,ASDR,2020.0,403.3590506678511,403.0350986730101,403.68300266269205,BAPC
China,Both,ASDR,2021.0,403.06499937477633,402.7402724024088,403.38972634714384,BAPC
China,Both,ASDR,2022.0,402.645156446325,402.31986767158565,402.9704452210645,BAPC
China,Both,ASDR,2023.0,400.01898590179707,399.6928818438284,400.3450899597648,BAPC
China,Both,ASDR,2024.0,396.4662463471935,391.6463231797281,401.28616951465796,BAPC
China,Both,ASDR,2025.0,394.5465804814062,385.6072845685907,403.48587639422163,BAPC
China,Both,ASDR,2026.0,392.63019989927113,378.60830221773296,406.65209758080925,BAPC
China,Both,ASDR,2027.0,390.7189008192533,370.8850054596862,410.5527961788203,BAPC
China,Both,ASDR,2028.0,388.7912617266574,362.53173376150846,415.0507896918064,BAPC
China,Both,ASDR,2029.0,386.8601699812897,353.6277288743228,420.0926110882555,BAPC
China,Both,ASDR,2030.0,384.9409947342266,344.2533370216215,425.6286524468306,BAPC
China,Both,ASDR,2031.0,383.01857182307276,334.44525426556083,431.59188938058475,BAPC
China,Both,ASDR,2032.0,381.09298220907255,324.2438745160378,437.9420899021062,BAPC
China,Both,ASDR,2033.0,379.1467300998949,313.6648628215385,444.62859737825124,BAPC
China,Both,ASDR,2034.0,377.20434548023434,302.74883561318927,451.6598553472805,BAPC
China,Both,ASDR,2035.0,375.2733748955481,291.53100165819876,459.01574813289744,BAPC
China,Both,ASDR,2036.0,373.3368037906598,280.0231026575972,466.6505049237224,BAPC
China,Both,ASDR,2037.0,371.3918069004965,268.24524878307534,474.5383650179166,BAPC
China,Both,ASDR,2038.0,369.42424446020027,256.20491478543016,482.64357413497044,BAPC
China,Both,ASDR,2039.0,367.4627702922164,243.93326965648268,490.99227092795013,BAPC
China,Both,ASDR,2040.0,365.507277875146,231.44845877199666,499.5660969782943,BAPC
China,Both,ASDR,2041.0,363.5416945413401,218.75697966217723,508.326409420504,BAPC
China,Both,ASDR,2042.0,361.56415715689946,205.8734409781733,517.2548733356256,BAPC
China,Both,ASDR,2043.0,359.5654495868534,192.8054037024589,526.3254954712488,BAPC
China,Both,ASDR,2044.0,357.57830280192053,179.57824493177995,535.5783606720611,BAPC
China,Both,ASDR,2045.0,355.596633646887,166.2015203397477,544.9917469540272,BAPC
China,Both,ASDR,2046.0,353.60548074278535,152.68054144168298,554.5304200438867,BAPC
China,Both,ASDR,2047.0,351.6037718728199,139.02694636024617,564.1805973853938,BAPC
China,Both,ASDR,2048.0,349.5858708883037,125.24848328168274,573.9232584949257,BAPC
China,Both,ASDR,2049.0,347.58549290395746,111.36309238892137,583.8078934189926,BAPC
China,Both,ASDR,2050.0,345.5913350203855,97.37612065877472,593.8065493819963,BAPC
China,Both,ASDR,2051.0,343.5892534982479,83.29308779904908,603.885419197447,BAPC
China,Both,ASDR,2052.0,341.5777470401979,69.1233883054549,614.0321057749408,BAPC
China,Both,ASDR,2053.0,339.5533656911836,54.87455559636083,624.2321757860058,BAPC
China,Both,ASIR,1990.0,900.8283187306548,900.295718100972,901.3609193603387,BAPC
China,Both,ASIR,1991.0,900.6326339606154,900.1061052238168,901.1591626974139,BAPC
China,Both,ASIR,1992.0,900.4727456111095,899.9496233331184,900.9958678891016,BAPC
China,Both,ASIR,1993.0,900.341072908401,899.8214551619974,900.8606906548055,BAPC
China,Both,ASIR,1994.0,900.2451497948363,899.7288800845391,900.7614195051333,BAPC
China,Both,ASIR,1995.0,900.1828358488133,899.6692605168084,900.6964111808192,BAPC
China,Both,ASIR,1996.0,899.0548986828779,898.5439297367018,899.5658676290541,BAPC
China,Both,ASIR,1997.0,896.3973367515523,895.8891262026017,896.9055473005028,BAPC
China,Both,ASIR,1998.0,893.255806348288,892.7502003298642,893.7614123667121,BAPC
China,Both,ASIR,1999.0,890.6911431157747,890.1874486836618,891.1948375478878,BAPC
China,Both,ASIR,2000.0,889.7907338917793,889.2875853152234,890.2938824683363,BAPC
China,Both,ASIR,2001.0,894.0451115817767,893.5405850401727,894.5496381233806,BAPC
China,Both,ASIR,2002.0,903.8993759160091,903.3915569843077,904.4071948477106,BAPC
China,Both,ASIR,2003.0,915.8863079292037,915.3742573667207,916.3983584916879,BAPC
China,Both,ASIR,2004.0,926.5094082843033,925.9929225702614,927.0258939983441,BAPC
China,Both,ASIR,2005.0,932.299942908302,931.7797269106188,932.8201589059852,BAPC
China,Both,ASIR,2006.0,934.3778713948442,933.854711445026,934.9010313446613,BAPC
China,Both,ASIR,2007.0,936.1027342404363,935.5766457309481,936.6288227499248,BAPC
China,Both,ASIR,2008.0,937.3991582642518,936.8702422469039,937.9280742815987,BAPC
China,Both,ASIR,2009.0,938.1769121719034,937.6452801308913,938.7085442129155,BAPC
China,Both,ASIR,2010.0,938.3551361376617,937.8212017846081,938.8890704907152,BAPC
China,Both,ASIR,2011.0,938.1899498035026,937.6543129707226,938.7255866362826,BAPC
China,Both,ASIR,2012.0,937.9753974474402,937.438530740151,938.5122641547283,BAPC
China,Both,ASIR,2013.0,937.7033160477386,937.1655613716748,938.2410707238014,BAPC
China,Both,ASIR,2014.0,937.3693439745871,936.8307807686834,937.9079071804898,BAPC
China,Both,ASIR,2015.0,936.9923280461697,936.4527859986933,937.5318700936461,BAPC
China,Both,ASIR,2016.0,939.1592700600111,938.6179055054778,939.7006346145453,BAPC
China,Both,ASIR,2017.0,944.8531464500962,944.3092428439555,945.3970500562369,BAPC
China,Both,ASIR,2018.0,951.7033645781481,951.1569418072055,952.2497873490909,BAPC
China,Both,ASIR,2019.0,957.34048191409,956.7919077379439,957.8890560902362,BAPC
China,Both,ASIR,2020.0,959.4178896645772,958.8683299208329,959.9674494083213,BAPC
China,Both,ASIR,2021.0,958.9492391665875,958.3997412761041,959.4987370570719,BAPC
China,Both,ASIR,2022.0,958.4957957093937,957.9464914967067,959.0450999220799,BAPC
China,Both,ASIR,2023.0,952.39186553599,951.843427593303,952.940303478677,BAPC
China,Both,ASIR,2024.0,949.140639738998,938.4881740341411,959.7931054438546,BAPC
China,Both,ASIR,2025.0,947.1535825991383,928.5458716828809,965.7612935153957,BAPC
China,Both,ASIR,2026.0,945.0574755697904,916.4509215167321,973.6640296228485,BAPC
China,Both,ASIR,2027.0,942.8604887772696,902.7267427396947,982.9942348148454,BAPC
China,Both,ASIR,2028.0,940.5382718829213,887.5836500724148,993.4928936934286,BAPC
China,Both,ASIR,2029.0,938.161141013771,871.214963789114,1005.10731823843,BAPC
China,Both,ASIR,2030.0,935.7132569748826,853.7417925137577,1017.6847214360038,BAPC
China,Both,ASIR,2031.0,933.1844697541776,835.2553088594863,1031.113630648872,BAPC
China,Both,ASIR,2032.0,930.5860414013785,815.841553081284,1045.330529721474,BAPC
China,Both,ASIR,2033.0,927.8920026887425,795.5304513514349,1060.2535540260521,BAPC
China,Both,ASIR,2034.0,925.1470585779925,774.3941680293013,1075.8999491266818,BAPC
China,Both,ASIR,2035.0,922.3255113751951,752.4712243786009,1092.1797983717834,BAPC
China,Both,ASIR,2036.0,919.4149608343924,729.8034542023179,1109.0264674664718,BAPC
China,Both,ASIR,2037.0,916.4246979639106,706.4414725335807,1126.4079233942373,BAPC
China,Both,ASIR,2038.0,913.337287755253,682.4029894830778,1144.271586027428,BAPC
China,Both,ASIR,2039.0,910.2036429545158,657.7457934917984,1162.6614924172343,BAPC
China,Both,ASIR,2040.0,906.9854212529185,632.4814162356001,1181.4894262702376,BAPC
China,Both,ASIR,2041.0,903.6639025378933,606.6336732177324,1200.6941318580512,BAPC
China,Both,ASIR,2042.0,900.2448269785967,580.2388660952992,1220.2507878618894,BAPC
China,Both,ASIR,2043.0,896.7234651375933,553.3182267518546,1240.128703523336,BAPC
China,Both,ASIR,2044.0,893.1680411243276,525.9296807560638,1260.4064014925923,BAPC
China,Both,ASIR,2045.0,889.5376958924184,498.07847691396955,1280.9969148708642,BAPC
China,Both,ASIR,2046.0,885.8130428076084,469.7829952382299,1301.843090376983,BAPC
China,Both,ASIR,2047.0,881.9978386004493,441.0720891181842,1322.9235880827125,BAPC
China,Both,ASIR,2048.0,878.0942821959993,411.9679321308516,1344.220632261149,BAPC
China,Both,ASIR,2049.0,874.1707134139729,382.5174690972229,1365.823957730728,BAPC
China,Both,ASIR,2050.0,870.1907378636008,352.72764659400787,1387.6538291331888,BAPC
China,Both,ASIR,2051.0,866.1362330240225,322.614884533925,1409.657581514123,BAPC
China,Both,ASIR,2052.0,862.0087686772555,292.2024010706332,1431.8151362838819,BAPC
China,Both,ASIR,2053.0,857.8129760629773,261.51038285763184,1454.11556926832,BAPC
China,Both,ASPR,1990.0,10672.921306695735,10671.044891944044,10674.797721447327,BAPC
China,Both,ASPR,1991.0,10671.916995676858,10670.059644376292,10673.774346977425,BAPC
China,Both,ASPR,1992.0,10671.306752478707,10669.466170004544,10673.14733495287,BAPC
China,Both,ASPR,1993.0,10671.048228889716,10669.223828824488,10672.872628954849,BAPC
China,Both,ASPR,1994.0,10671.645938372381,10669.837340742422,10673.45453600234,BAPC
China,Both,ASPR,1995.0,10672.952349253008,10671.155927539885,10674.74877096613,BAPC
China,Both,ASPR,1996.0,10657.368207048474,10655.58469496961,10659.151719127338,BAPC
China,Both,ASPR,1997.0,10617.428909027989,10615.660495303693,10619.197322752289,BAPC
China,Both,ASPR,1998.0,10569.408042675659,10567.655979178577,10571.160106172647,BAPC
China,Both,ASPR,1999.0,10529.98542487985,10528.249287972554,10531.721561787146,BAPC
China,Both,ASPR,2000.0,10515.559053262476,10513.834610435135,10517.283496089818,BAPC
China,Both,ASPR,2001.0,10576.25295802225,10574.533844806567,10577.972071237937,BAPC
China,Both,ASPR,2002.0,10716.930171902453,10715.210190583388,10718.65015322152,BAPC
China,Both,ASPR,2003.0,10886.924143321776,10885.201446413961,10888.646840229589,BAPC
China,Both,ASPR,2004.0,11035.756638541454,11034.03248490773,11037.480792175082,BAPC
China,Both,ASPR,2005.0,11112.705039413093,11110.982643588375,11114.42743523781,BAPC
China,Both,ASPR,2006.0,11136.885551131263,11135.167683968746,11138.603418293682,BAPC
China,Both,ASPR,2007.0,11159.207107168342,11157.492895145524,11160.921319191066,BAPC
China,Both,ASPR,2008.0,11177.364028594875,11175.652749871753,11179.075307317997,BAPC
China,Both,ASPR,2009.0,11189.337123466003,11187.627383674284,11191.046863257627,BAPC
China,Both,ASPR,2010.0,11193.014489375031,11191.304661837297,11194.724316912669,BAPC
China,Both,ASPR,2011.0,11191.45156128419,11189.740993194378,11193.162129374095,BAPC
China,Both,ASPR,2012.0,11188.678095251666,11186.9661957225,11190.389994780833,BAPC
China,Both,ASPR,2013.0,11184.620838451146,11182.907026609537,11186.334650292854,BAPC
China,Both,ASPR,2014.0,11179.435354196383,11177.718479363892,11181.152229028972,BAPC
China,Both,ASPR,2015.0,11173.377056736748,11171.655772480599,11175.098340992803,BAPC
China,Both,ASPR,2016.0,11206.20828311277,11204.479191400467,11207.937374824976,BAPC
China,Both,ASPR,2017.0,11293.020443967189,11291.279358616133,11294.76152931815,BAPC
China,Both,ASPR,2018.0,11397.374969352824,11395.620531448127,11399.12940725752,BAPC
China,Both,ASPR,2019.0,11483.051066004075,11481.284217528058,11484.81791448009,BAPC
China,Both,ASPR,2020.0,11514.119047751588,11512.34355689833,11515.894538604844,BAPC
China,Both,ASPR,2021.0,11506.281543644838,11504.50099168281,11508.062095606867,BAPC
China,Both,ASPR,2022.0,11498.83824259727,11497.053603376704,11500.622881817833,BAPC
China,Both,ASPR,2023.0,11419.63767557998,11417.856477373078,11421.41887378698,BAPC
China,Both,ASPR,2024.0,11307.535336999961,11167.142091063153,11447.928582936767,BAPC
China,Both,ASPR,2025.0,11261.539638356544,11009.7627892914,11513.316487421593,BAPC
China,Both,ASPR,2026.0,11215.7333401599,10825.064141491292,11606.402538828603,BAPC
China,Both,ASPR,2027.0,11169.836465118111,10619.744443358884,11719.92848687734,BAPC
China,Both,ASPR,2028.0,11123.171905485115,10396.476522567546,11849.867288402684,BAPC
China,Both,ASPR,2029.0,11076.240629152777,10157.648591670224,11994.832666635426,BAPC
China,Both,ASPR,2030.0,11029.485896344624,9905.477228689964,12153.494563999282,BAPC
China,Both,ASPR,2031.0,10982.634796390676,9641.082633116994,12324.186959664272,BAPC
China,Both,ASPR,2032.0,10935.404947620478,9365.301412305835,12505.50848293516,BAPC
China,Both,ASPR,2033.0,10887.268413531954,9078.505094236316,12696.03173282764,BAPC
China,Both,ASPR,2034.0,10838.960413641003,8781.875893534956,12896.04493374708,BAPC
China,Both,ASPR,2035.0,10790.672420945295,8476.358983166983,13104.985858723587,BAPC
China,Both,ASPR,2036.0,10742.106971712943,8162.401174898265,13321.8127685277,BAPC
China,Both,ASPR,2037.0,10693.019094915895,7840.415458764697,13545.622731067115,BAPC
China,Both,ASPR,2038.0,10643.025128606572,7510.601160497751,13775.449096715402,BAPC
China,Both,ASPR,2039.0,10592.966229746884,7173.875632796497,14012.056826697233,BAPC
China,Both,ASPR,2040.0,10542.812567960316,6830.717835584481,14254.907300336212,BAPC
China,Both,ASPR,2041.0,10492.253716417608,6481.386405236171,14503.121027599182,BAPC
China,Both,ASPR,2042.0,10441.083290794155,6126.181915685739,14755.984665902524,BAPC
China,Both,ASPR,2043.0,10389.054777364207,5765.314996356061,15012.794558372312,BAPC
China,Both,ASPR,2044.0,10337.070210382773,5399.520700766866,15274.619719998796,BAPC
China,Both,ASPR,2045.0,10284.926038928143,5029.0513005232715,15540.800777333061,BAPC
China,Both,ASPR,2046.0,10232.308592781525,4654.1056692239135,15810.511516339116,BAPC
China,Both,ASPR,2047.0,10179.050506053933,4274.949996226874,16083.151015880963,BAPC
China,Both,ASPR,2048.0,10125.024167779837,3891.8228492643034,16358.225486295312,BAPC
China,Both,ASPR,2049.0,10071.140479541213,3505.2669928960245,16637.01396618636,BAPC
China,Both,ASPR,2050.0,10017.088672240467,3115.44792599506,16918.729418485844,BAPC
China,Both,ASPR,2051.0,9962.56679971577,2722.5584732021944,17202.575126229392,BAPC
China,Both,ASPR,2052.0,9907.443062417608,2326.851069641602,17488.035055193544,BAPC
China,Both,ASPR,2053.0,9851.677447712664,1928.5686541206846,17774.78624130466,BAPC
China,Female,ASDR,1990.0,520.381607781734,519.7856611982276,520.9775543652407,BAPC
China,Female,ASDR,1991.0,521.0032102102593,520.4183654285337,521.5880549919858,BAPC
China,Female,ASDR,1992.0,521.4621060910313,520.8820406741007,522.042171507961,BAPC
China,Female,ASDR,1993.0,521.8459187142603,521.2706424519962,522.4211949765253,BAPC
China,Female,ASDR,1994.0,522.1529851575202,521.582371285475,522.7235990295662,BAPC
China,Female,ASDR,1995.0,522.4842884482251,521.9173257993147,523.0512510971354,BAPC
China,Female,ASDR,1996.0,521.6170929563891,521.054512544634,522.1796733681433,BAPC
China,Female,ASDR,1997.0,519.7346853886453,519.1772626656689,520.2921081116218,BAPC
China,Female,ASDR,1998.0,517.0871094536267,516.5354306410126,517.6387882662399,BAPC
China,Female,ASDR,1999.0,514.9751621788067,514.4293416725175,515.5209826850952,BAPC
China,Female,ASDR,2000.0,514.1434662872208,513.6019207082829,514.6850118661587,BAPC
China,Female,ASDR,2001.0,517.29745707733,516.7581867403056,517.8367274143543,BAPC
China,Female,ASDR,2002.0,525.0930960439862,524.5537499059928,525.6324421819803,BAPC
China,Female,ASDR,2003.0,534.090126051202,533.5501802720619,534.630071830342,BAPC
China,Female,ASDR,2004.0,542.2079987617853,541.6677554449712,542.7482420785993,BAPC
China,Female,ASDR,2005.0,546.3137512278845,545.7744957243773,546.8530067313918,BAPC
China,Female,ASDR,2006.0,547.3170862122314,546.7800048127324,547.8541676117313,BAPC
China,Female,ASDR,2007.0,548.2794493691856,547.7441085058665,548.8147902325046,BAPC
China,Female,ASDR,2008.0,549.2075379101269,548.6734586795118,549.741617140743,BAPC
China,Female,ASDR,2009.0,549.4262580268387,548.8930549543657,549.9594610993106,BAPC
China,Female,ASDR,2010.0,549.5651162432824,549.0319450182476,550.0982874683182,BAPC
China,Female,ASDR,2011.0,549.6284981487106,549.0950956623557,550.1619006350656,BAPC
China,Female,ASDR,2012.0,549.2148472878563,548.6813193373636,549.7483752383491,BAPC
China,Female,ASDR,2013.0,548.9413550664904,548.4074504164025,549.4752597165782,BAPC
China,Female,ASDR,2014.0,548.7216472691251,548.1868476453675,549.256446892883,BAPC
China,Female,ASDR,2015.0,548.6515277235897,548.1151881064147,549.1878673407638,BAPC
China,Female,ASDR,2016.0,550.3818210264066,549.8429310030529,550.920711049761,BAPC
China,Female,ASDR,2017.0,554.8583046656754,554.315419704686,555.4011896266638,BAPC
China,Female,ASDR,2018.0,560.1274062997841,559.5801350003558,560.6746775992113,BAPC
China,Female,ASDR,2019.0,564.7002278368229,564.1486015803825,565.2518540932645,BAPC
China,Female,ASDR,2020.0,565.9083436892547,565.3538970202743,566.4627903582361,BAPC
China,Female,ASDR,2021.0,566.0103107233849,565.4536281720799,566.566993274689,BAPC
China,Female,ASDR,2022.0,565.6064895162251,565.0482009541953,566.164778078256,BAPC
China,Female,ASDR,2023.0,561.9865819867159,561.425964657268,562.5471993161639,BAPC
China,Female,ASDR,2024.0,556.264151710873,548.8598421558399,563.668461265906,BAPC
China,Female,ASDR,2025.0,553.7482197853169,540.2657306457464,567.2307089248874,BAPC
China,Female,ASDR,2026.0,551.2524704772825,530.2444793723131,572.2604615822519,BAPC
China,Female,ASDR,2027.0,548.7565351105426,519.133001541132,578.3800686799532,BAPC
China,Female,ASDR,2028.0,546.2203701009691,507.0668336827597,585.3739065191785,BAPC
China,Female,ASDR,2029.0,543.658474565737,494.1628142704244,593.1541348610496,BAPC
China,Female,ASDR,2030.0,541.1141245476188,480.5577813155534,601.6704677796853,BAPC
China,Female,ASDR,2031.0,538.5828161618288,466.3205546704403,610.8450776532161,BAPC
China,Female,ASDR,2032.0,536.0420559001055,451.489499891667,620.594611908544,BAPC
China,Female,ASDR,2033.0,533.4558562851387,436.0794568083997,630.8322557618787,BAPC
China,Female,ASDR,2034.0,530.8485211074761,420.1430238183525,641.5540183965998,BAPC
China,Female,ASDR,2035.0,528.2559379762714,403.75206263507454,652.7598133174682,BAPC
China,Female,ASDR,2036.0,525.6711732229497,386.93698908566444,664.4053573602341,BAPC
China,Female,ASDR,2037.0,523.0713363183947,369.7122110226157,676.4304616141736,BAPC
China,Female,ASDR,2038.0,520.4272619249031,352.08336723236556,688.7711566174405,BAPC
China,Female,ASDR,2039.0,517.7678514337666,334.08916448927437,701.4465383782577,BAPC
China,Female,ASDR,2040.0,515.1194529686386,315.77426866220065,714.4646372750766,BAPC
China,Female,ASDR,2041.0,512.4734183955994,297.1567743993792,727.7900623918197,BAPC
China,Female,ASDR,2042.0,509.8089315513146,278.2462416225564,741.3716214800727,BAPC
China,Female,ASDR,2043.0,507.10346955672816,259.0494854738989,755.1574536395583,BAPC
China,Female,ASDR,2044.0,504.38874171617255,239.5967054411301,769.180777991214,BAPC
China,Female,ASDR,2045.0,501.68260974952904,219.91636751667107,783.448851982388,BAPC
China,Female,ASDR,2046.0,498.976056908024,200.02179636807165,797.9303174479763,BAPC
China,Female,ASDR,2047.0,496.2514046017682,179.92252382073315,812.5802853828021,BAPC
China,Female,ASDR,2048.0,493.4918634383272,159.62770487158852,827.3560220050659,BAPC
China,Female,ASDR,2049.0,490.7299777167948,139.1591258091916,842.300829624399,BAPC
China,Female,ASDR,2050.0,487.97588570131575,118.53485264839466,857.4169187542368,BAPC
China,Female,ASDR,2051.0,485.22057453508364,97.76622314123533,872.6749259289319,BAPC
China,Female,ASDR,2052.0,482.4482596971522,76.86353721842467,888.0329821758788,BAPC
China,Female,ASDR,2053.0,479.64611537272526,55.837620566790804,903.4546101786589,BAPC
China,Female,ASIR,1990.0,1164.5111909951836,1163.639811421868,1165.3825705684994,BAPC
China,Female,ASIR,1991.0,1164.4324149602232,1163.5720179434795,1165.2928119769767,BAPC
China,Female,ASIR,1992.0,1164.3488302084113,1163.4940173528237,1165.2036430640087,BAPC
China,Female,ASIR,1993.0,1164.2572298279547,1163.4082491124145,1165.1062105434946,BAPC
China,Female,ASIR,1994.0,1164.1612227898643,1163.3178363833297,1165.004609196399,BAPC
China,Female,ASIR,1995.0,1164.0575735436387,1163.2186989392096,1164.896448148078,BAPC
China,Female,ASIR,1996.0,1162.6232234325178,1161.7888595293987,1163.4575873356368,BAPC
China,Female,ASIR,1997.0,1159.360806373106,1158.5312210636025,1160.190391682619,BAPC
China,Female,ASIR,1998.0,1155.5198090429756,1154.6946867076163,1156.3449313783349,BAPC
China,Female,ASIR,1999.0,1152.3661824238295,1151.5442316401056,1153.188133207563,BAPC
China,Female,ASIR,2000.0,1151.1890256349516,1150.3678855284259,1152.010165741477,BAPC
China,Female,ASIR,2001.0,1156.3993707738898,1155.5759296766325,1157.222811871147,BAPC
China,Female,ASIR,2002.0,1168.6827684455648,1167.8538646499628,1169.511672241167,BAPC
China,Female,ASIR,2003.0,1183.6943175781826,1182.8583009289268,1184.5303342274385,BAPC
China,Female,ASIR,2004.0,1197.047383907802,1196.2037202703025,1197.8910475453013,BAPC
China,Female,ASIR,2005.0,1204.38327658497,1203.5329496508439,1205.2336035191063,BAPC
China,Female,ASIR,2006.0,1207.2177923474926,1206.3620140627258,1208.0735706322494,BAPC
China,Female,ASIR,2007.0,1209.8092382412735,1208.9480279061024,1210.6704485764544,BAPC
China,Female,ASIR,2008.0,1211.9436095588248,1211.0771575408912,1212.8100615767587,BAPC
China,Female,ASIR,2009.0,1213.3822207518567,1212.5107360611903,1214.2537054425234,BAPC
China,Female,ASIR,2010.0,1213.8831519305315,1213.007370972301,1214.7589328887718,BAPC
China,Female,ASIR,2011.0,1213.8242312544928,1212.9451962764485,1214.7032662325369,BAPC
China,Female,ASIR,2012.0,1213.7451434526572,1212.8636502844772,1214.626636620837,BAPC
China,Female,ASIR,2013.0,1213.6501508342758,1212.7667851274632,1214.5335165410886,BAPC
China,Female,ASIR,2014.0,1213.5402833592975,1212.6551753076699,1214.4253914109252,BAPC
China,Female,ASIR,2015.0,1213.427658668999,1212.5405172834724,1214.3148000545154,BAPC
China,Female,ASIR,2016.0,1215.7696601338237,1214.8793773891873,1216.6599428784702,BAPC
China,Female,ASIR,2017.0,1221.5081874008245,1220.6139728253816,1222.4024019762676,BAPC
China,Female,ASIR,2018.0,1228.375564269467,1227.4775433486193,1229.2735851903049,BAPC
China,Female,ASIR,2019.0,1234.1020633800476,1233.2006185380083,1235.0035082220966,BAPC
China,Female,ASIR,2020.0,1236.4279966564238,1235.5245824220963,1237.3314108907416,BAPC
China,Female,ASIR,2021.0,1236.3009058913965,1235.3969212991456,1237.2048904836377,BAPC
China,Female,ASIR,2022.0,1236.1642980247188,1235.2599503499996,1237.068645699428,BAPC
China,Female,ASIR,2023.0,1230.21231838884,1229.3074408257073,1231.117195951963,BAPC
China,Female,ASIR,2024.0,1225.5906717657288,1211.353128471728,1239.8282150597295,BAPC
China,Female,ASIR,2025.0,1223.9252409596183,1199.3210845434214,1248.5293973758148,BAPC
China,Female,ASIR,2026.0,1222.1710013023796,1184.5000742670693,1259.84192833769,BAPC
China,Female,ASIR,2027.0,1220.3218331473945,1167.5586615975926,1273.0850046971966,BAPC
China,Female,ASIR,2028.0,1218.3348308833517,1148.7607745490322,1287.908887217671,BAPC
China,Female,ASIR,2029.0,1216.2686269744734,1128.3277000646783,1304.2095538842684,BAPC
China,Female,ASIR,2030.0,1214.136253414197,1106.4441328648184,1321.8283739635856,BAPC
China,Female,ASIR,2031.0,1211.9358253799285,1083.2342584798732,1340.6373922799742,BAPC
China,Female,ASIR,2032.0,1209.665433285504,1058.7904113280797,1360.5404552429284,BAPC
China,Female,ASIR,2033.0,1207.2822462309052,1033.1402735192273,1381.4242189425734,BAPC
China,Female,ASIR,2034.0,1204.8232122643021,1006.3584135246128,1403.2880110040014,BAPC
China,Female,ASIR,2035.0,1202.2860882280165,978.5177406419577,1426.0544358140776,BAPC
China,Female,ASIR,2036.0,1199.664551175099,949.676231748663,1449.652870601534,BAPC
China,Female,ASIR,2037.0,1196.9575536511002,919.8847056606409,1474.0304016415528,BAPC
China,Female,ASIR,2038.0,1194.1345490871277,889.1567584238077,1499.1123397504427,BAPC
China,Female,ASIR,2039.0,1191.2428467972723,857.5517194619251,1524.9339741326116,BAPC
China,Female,ASIR,2040.0,1188.261030247959,825.1024508003478,1551.4196096955661,BAPC
China,Female,ASIR,2041.0,1185.1737042922293,791.8419835059655,1578.505425078497,BAPC
China,Female,ASIR,2042.0,1181.978690958038,757.8065100000466,1606.1508719160315,BAPC
China,Female,ASIR,2043.0,1178.662045605528,723.0150186503411,1634.3090725607108,BAPC
China,Female,ASIR,2044.0,1175.2918802150214,687.5277805113967,1663.0559799186362,BAPC
China,Female,ASIR,2045.0,1171.838417888605,651.3632268358392,1692.3136089413706,BAPC
China,Female,ASIR,2046.0,1168.283507086514,614.5455392679206,1722.0214749051047,BAPC
China,Female,ASIR,2047.0,1164.6249466302595,577.1043722680743,1752.1455209924507,BAPC
China,Female,ASIR,2048.0,1160.8586482452777,539.0617084097569,1782.6555880807898,BAPC
China,Female,ASIR,2049.0,1157.0546135301834,500.4672510286511,1813.6419760317183,BAPC
China,Female,ASIR,2050.0,1153.1841249265842,461.3367350336043,1845.0315148195584,BAPC
China,Female,ASIR,2051.0,1149.2295650835586,421.6910401332893,1876.7680900338198,BAPC
China,Female,ASIR,2052.0,1145.1884988555053,381.5553076825231,1908.8216900284924,BAPC
China,Female,ASIR,2053.0,1141.0617645047764,340.9511490298264,1941.1723799797232,BAPC
China,Female,ASPR,1990.0,13652.679773532134,13649.631819540757,13655.727727523512,BAPC
China,Female,ASPR,1991.0,13652.351499472406,13649.334239968613,13655.368758976105,BAPC
China,Female,ASPR,1992.0,13651.897199363875,13648.907227096945,13654.887171630808,BAPC
China,Female,ASPR,1993.0,13651.292401501949,13648.328913574767,13654.255889429132,BAPC
China,Female,ASPR,1994.0,13650.921423353431,13647.98425476853,13653.858591938237,BAPC
China,Female,ASPR,1995.0,13650.831864180318,13647.915162605676,13653.748565754964,BAPC
China,Female,ASPR,1996.0,13631.716735152893,13628.822253924696,13634.611216380992,BAPC
China,Female,ASPR,1997.0,13586.262044943527,13583.393204032705,13589.130885854349,BAPC
China,Female,ASPR,1998.0,13531.991733788553,13529.150455802648,13534.83301177446,BAPC
China,Female,ASPR,1999.0,13486.832098333347,13484.01777660597,13489.64642006063,BAPC
China,Female,ASPR,2000.0,13468.384433334179,13465.590350781817,13471.178515886637,BAPC
China,Female,ASPR,2001.0,13542.709989011057,13539.926312524072,13545.493665498041,BAPC
China,Female,ASPR,2002.0,13720.672938393325,13717.889353486871,13723.456523299878,BAPC
China,Female,ASPR,2003.0,13936.725952691302,13933.939063150803,13939.512842231707,BAPC
China,Female,ASPR,2004.0,14125.608898966491,14122.82025773336,14128.397540199721,BAPC
China,Female,ASPR,2005.0,14221.656983109207,14218.871356339794,14224.442609878715,BAPC
China,Female,ASPR,2006.0,14250.045369443313,14247.267290535005,14252.823448351526,BAPC
China,Female,ASPR,2007.0,14277.639932411077,14274.86771029295,14280.412154529107,BAPC
China,Female,ASPR,2008.0,14301.007797084108,14298.239894287362,14303.775699880855,BAPC
China,Female,ASPR,2009.0,14317.08962289617,14314.323280593346,14319.855965198994,BAPC
China,Female,ASPR,2010.0,14322.467171474425,14319.69928389687,14325.235059051882,BAPC
China,Female,ASPR,2011.0,14320.92657903474,14318.155933185455,14323.697224884121,BAPC
China,Female,ASPR,2012.0,14318.662688141414,14315.888018198933,14321.437358083798,BAPC
China,Female,ASPR,2013.0,14315.740737805436,14312.96076659557,14318.520709015394,BAPC
China,Female,ASPR,2014.0,14312.554443943742,14309.766868336521,14315.342019550866,BAPC
China,Female,ASPR,2015.0,14309.184955220187,14306.387255271593,14311.98265516878,BAPC
China,Female,ASPR,2016.0,14349.999956980993,14347.18703181958,14352.812882142507,BAPC
China,Female,ASPR,2017.0,14452.003931891584,14449.16959181965,14454.838271963523,BAPC
China,Female,ASPR,2018.0,14574.241727219103,14571.383829872399,14577.099624565806,BAPC
China,Female,ASPR,2019.0,14676.04269285771,14673.162234119685,14678.923151595834,BAPC
China,Female,ASPR,2020.0,14716.522880680906,14713.62514312219,14719.420618239623,BAPC
China,Female,ASPR,2021.0,14712.789823604457,14709.880265495165,14715.699381713846,BAPC
China,Female,ASPR,2022.0,14709.03741700421,14706.117831081618,14711.957002926703,BAPC
China,Female,ASPR,2023.0,14620.12046828895,14617.202240991955,14623.038695585847,BAPC
China,Female,ASPR,2024.0,14456.460389976444,14262.886587915136,14650.034192037847,BAPC
China,Female,ASPR,2025.0,14406.78841267152,14063.66507689181,14749.91174845123,BAPC
China,Female,ASPR,2026.0,14357.676966371404,13827.38016865988,14887.973764082832,BAPC
China,Female,ASPR,2027.0,14308.603100807859,13563.05557334099,15054.150628274725,BAPC
China,Female,ASPR,2028.0,14258.524756908731,13274.213899148883,15242.835614668484,BAPC
China,Female,ASPR,2029.0,14207.770464249088,12963.808187952098,15451.73274054608,BAPC
China,Female,ASPR,2030.0,14157.321838378582,12635.123839890919,15679.519836866148,BAPC
China,Female,ASPR,2031.0,14107.165725573499,12289.918892798638,15924.412558348458,BAPC
China,Female,ASPR,2032.0,14056.786024501305,11929.12865334109,16184.443395661423,BAPC
China,Female,ASPR,2033.0,14005.288874918593,11553.066396589264,16457.511353248017,BAPC
China,Female,ASPR,2034.0,13953.1924512816,11162.952272512819,16743.432630050283,BAPC
China,Female,ASPR,2035.0,13901.236270825524,10760.412254719215,17042.060286931937,BAPC
China,Female,ASPR,2036.0,13849.349319167242,10346.245219794393,17352.453418540186,BAPC
China,Female,ASPR,2037.0,13797.075658663895,9920.844465584201,17673.30685174368,BAPC
China,Female,ASPR,2038.0,13743.690983563565,9484.296452330433,18003.085514796654,BAPC
China,Female,ASPR,2039.0,13689.810959668463,9037.481357447601,18342.140561889362,BAPC
China,Female,ASPR,2040.0,13635.92999459245,8581.383181185029,18690.476807999814,BAPC
China,Female,ASPR,2041.0,13581.930447440629,8116.490846734367,19047.3700481468,BAPC
China,Female,ASPR,2042.0,13527.427004375675,7643.0813671803,19411.772641571002,BAPC
China,Female,ASPR,2043.0,13471.872034755508,7161.28273456277,19782.461334948242,BAPC
China,Female,ASPR,2044.0,13415.948257058066,6671.78754329578,20160.108970820438,BAPC
China,Female,ASPR,2045.0,13359.923637951282,6175.2078085720295,20544.639467330544,BAPC
China,Female,ASPR,2046.0,13303.642764093609,5671.896147476151,20935.389380711076,BAPC
China,Female,ASPR,2047.0,13246.792772403976,5162.1162104469495,21331.46933436092,BAPC
China,Female,ASPR,2048.0,13188.99221885505,4646.072715724379,21731.91172198575,BAPC
China,Female,ASPR,2049.0,13130.951898365185,4124.2851699427265,22137.618626787662,BAPC
China,Female,ASPR,2050.0,13072.767322382855,3597.1561039178214,22548.378540847832,BAPC
China,Female,ASPR,2051.0,13014.267754070584,3064.981948209693,22963.553559931348,BAPC
China,Female,ASPR,2052.0,12955.211745424034,2528.0368137532737,23382.38667709488,BAPC
China,Female,ASPR,2053.0,12895.356449495615,1986.574812494425,23804.13808649681,BAPC
China,Male,ASDR,1990.0,233.2677225869252,232.88271726969666,233.65272790415375,BAPC
China,Male,ASDR,1991.0,233.34644513352433,232.97566270259424,233.71722756445442,BAPC
China,Male,ASDR,1992.0,233.4271379681213,233.0596490306721,233.7946269055705,BAPC
China,Male,ASDR,1993.0,233.68042375540963,233.31604415163272,234.0448033591875,BAPC
China,Male,ASDR,1994.0,233.71910058556426,233.35760057603062,234.08060059509884,BAPC
China,Male,ASDR,1995.0,233.9600896039142,233.60058165827428,234.31959754955412,BAPC
China,Male,ASDR,1996.0,233.27723535546207,232.92035917099255,233.63411153993252,BAPC
China,Male,ASDR,1997.0,232.17709757715727,231.82324003240907,232.53095512190643,BAPC
China,Male,ASDR,1998.0,230.8193984344778,230.46891121237647,231.16988565657914,BAPC
China,Male,ASDR,1999.0,229.56622613808136,229.21924735013084,229.9132049260309,BAPC
China,Male,ASDR,2000.0,229.16958998055367,228.82498418899567,229.51419577211163,BAPC
China,Male,ASDR,2001.0,230.35387720986824,230.01043959102924,230.69731482870728,BAPC
China,Male,ASDR,2002.0,232.89070548249606,232.5474850579357,233.2339259070564,BAPC
China,Male,ASDR,2003.0,236.3280840663043,235.98453732090974,236.6716308116998,BAPC
China,Male,ASDR,2004.0,239.14771499821404,238.80433612895055,239.49109386747753,BAPC
China,Male,ASDR,2005.0,240.5010918608892,240.15867239856698,240.84351132321044,BAPC
China,Male,ASDR,2006.0,240.79998435923827,240.45908355821166,241.14088516026487,BAPC
China,Male,ASDR,2007.0,240.9176857957129,240.578246429748,241.2571251616778,BAPC
China,Male,ASDR,2008.0,241.10765830747593,240.76935868825421,241.44595792669767,BAPC
China,Male,ASDR,2009.0,241.11229212523367,240.7749047993002,241.44967945116807,BAPC
China,Male,ASDR,2010.0,241.25239121210507,240.91538631104538,241.5893961131648,BAPC
China,Male,ASDR,2011.0,241.02212929639617,240.68559596220356,241.3586626305897,BAPC
China,Male,ASDR,2012.0,240.87991811670645,240.5437099153072,241.21612631810663,BAPC
China,Male,ASDR,2013.0,240.7370777516623,240.40115062111835,241.07300488220625,BAPC
China,Male,ASDR,2014.0,240.7238894239544,240.3879017297534,241.05987711815544,BAPC
China,Male,ASDR,2015.0,240.70424934235797,240.3678967959906,241.04060188872532,BAPC
China,Male,ASDR,2016.0,241.56789725997515,241.23043295819664,241.9053615617547,BAPC
China,Male,ASDR,2017.0,243.90428355953588,243.56457558191997,244.24399153715177,BAPC
China,Male,ASDR,2018.0,246.73094949667941,246.38866885231286,247.07323014104594,BAPC
China,Male,ASDR,2019.0,249.04945487238757,248.70483377405444,249.39407597072068,BAPC
China,Male,ASDR,2020.0,249.87881514663127,249.53288346264694,250.2247468306166,BAPC
China,Male,ASDR,2021.0,249.723273946125,249.37666213741048,250.0698857548395,BAPC
China,Male,ASDR,2022.0,249.68596501644979,249.33871499016723,250.03321504273228,BAPC
China,Male,ASDR,2023.0,248.4643234996525,248.11180125666155,248.8168457426425,BAPC
China,Male,ASDR,2024.0,246.92329164042937,244.02311807090305,249.82346520995574,BAPC
China,Male,ASDR,2025.0,245.88644642726032,240.49752507904654,251.27536777547405,BAPC
China,Male,ASDR,2026.0,244.8409046332422,236.3901986326965,253.29161063378785,BAPC
China,Male,ASDR,2027.0,243.8101339122933,231.858787397731,255.7614804268556,BAPC
China,Male,ASDR,2028.0,242.78069466410503,226.9560596699963,258.6053296582128,BAPC
China,Male,ASDR,2029.0,241.7459257112095,221.71344806074416,261.77840336167486,BAPC
China,Male,ASDR,2030.0,240.69849421809428,216.16440099602914,265.2325874401594,BAPC
China,Male,ASDR,2031.0,239.63592821201155,210.33761949043102,268.9342369335921,BAPC
China,Male,ASDR,2032.0,238.57879008026285,204.27527890290943,272.8823012576163,BAPC
China,Male,ASDR,2033.0,237.5163749672332,197.98522891874273,277.0475210157227,BAPC
China,Male,ASDR,2034.0,236.45250996151927,191.48134337897136,281.42367654406814,BAPC
China,Male,ASDR,2035.0,235.37460375328823,184.77167151114006,285.9775359954364,BAPC
China,Male,ASDR,2036.0,234.2783132542337,177.8691520986502,290.6874744098172,BAPC
China,Male,ASDR,2037.0,233.1820886432256,170.8015572142451,295.56262007220516,BAPC
China,Male,ASDR,2038.0,232.07818945498312,163.5728526360185,300.58352627394777,BAPC
China,Male,ASDR,2039.0,230.97606867914064,156.1953040304853,305.75683332779596,BAPC
China,Male,ASDR,2040.0,229.85879071122332,148.66909511542306,311.04848630702355,BAPC
China,Male,ASDR,2041.0,228.72102029173593,141.00230243181792,316.439738151653,BAPC
China,Male,ASDR,2042.0,227.57971662381644,133.21545367044146,321.9439795771904,BAPC
China,Male,ASDR,2043.0,226.43046191104082,125.31289323586647,327.5480305862161,BAPC
China,Male,ASDR,2044.0,225.28813522811149,117.30660213852933,333.26966831769266,BAPC
China,Male,ASDR,2045.0,224.1319490855516,109.1939315115007,339.06996665960344,BAPC
China,Male,ASDR,2046.0,222.95496741596892,100.98054548598623,344.9293893459517,BAPC
China,Male,ASDR,2047.0,221.77233359464788,92.68151344475068,350.86315374454443,BAPC
China,Male,ASDR,2048.0,220.58252377272046,84.30179539783455,356.8632521476069,BAPC
China,Male,ASDR,2049.0,219.40353681517408,75.85114963509638,362.9559239952515,BAPC
China,Male,ASDR,2050.0,218.21104095758184,67.32716810225931,369.09491381290513,BAPC
China,Male,ASDR,2051.0,216.9969346102346,58.73496641543556,375.2589028050336,BAPC
China,Male,ASDR,2052.0,215.77441590917564,50.08534927646497,381.4634825418861,BAPC
China,Male,ASDR,2053.0,214.54433938387143,41.383512207970455,387.7051665597716,BAPC
China,Male,ASIR,1990.0,654.6067304325965,653.9772809434023,655.2361799217919,BAPC
China,Male,ASIR,1991.0,654.5758994924146,653.9560223986234,655.195776586207,BAPC
China,Male,ASIR,1992.0,654.5406448628223,653.9246162895847,655.1566734360599,BAPC
China,Male,ASIR,1993.0,654.500517788451,653.8884478956951,655.1125876812062,BAPC
China,Male,ASIR,1994.0,654.4569562189997,653.8486097281536,655.0653027098458,BAPC
China,Male,ASIR,1995.0,654.4049678372969,653.7995895943501,655.0103460802446,BAPC
China,Male,ASIR,1996.0,653.3762898837697,652.7737661458929,653.9788136216456,BAPC
China,Male,ASIR,1997.0,651.0059100298209,650.4064582481398,651.6053618115012,BAPC
China,Male,ASIR,1998.0,648.2065855888704,647.6100714284773,648.8030997492624,BAPC
China,Male,ASIR,1999.0,645.9098210923614,645.3154939861355,646.5041481985874,BAPC
China,Male,ASIR,2000.0,645.0575038791527,644.4637931612505,645.6512145970547,BAPC
China,Male,ASIR,2001.0,648.2070003681722,647.6115697876802,648.802430948665,BAPC
China,Male,ASIR,2002.0,655.5760260905527,654.9765909312316,656.1754612498736,BAPC
China,Male,ASIR,2003.0,664.5605200797075,663.9559867238704,665.1650534355447,BAPC
China,Male,ASIR,2004.0,672.5359274496968,671.926143595935,673.1457113034577,BAPC
China,Male,ASIR,2005.0,676.8931752031945,676.2791062418885,677.5072441645013,BAPC
China,Male,ASIR,2006.0,678.3221891541835,677.7048536133061,678.9395246950612,BAPC
China,Male,ASIR,2007.0,679.2870858167126,678.6665234488546,679.9076481845698,BAPC
China,Male,ASIR,2008.0,679.8766899645893,679.2529878810076,680.5003920481711,BAPC
China,Male,ASIR,2009.0,680.167079203212,679.5403212232958,680.7938371831272,BAPC
China,Male,ASIR,2010.0,680.2301636164747,679.600796867067,680.8595303658833,BAPC
China,Male,ASIR,2011.0,680.1965676715172,679.5652583959243,680.827876947111,BAPC
China,Male,ASIR,2012.0,680.1518986544733,679.5191928966137,680.7846044123326,BAPC
China,Male,ASIR,2013.0,680.0960750785393,679.4623637905981,680.7297863664804,BAPC
China,Male,ASIR,2014.0,680.0332553175098,679.398634722556,680.6678759124636,BAPC
China,Male,ASIR,2015.0,679.9791268863099,679.3434164800774,680.6148372925416,BAPC
China,Male,ASIR,2016.0,682.6053067686548,681.9671852283682,683.2434283089425,BAPC
China,Male,ASIR,2017.0,688.9380673147855,688.2962190241631,689.5799156054087,BAPC
China,Male,ASIR,2018.0,696.5088440694573,695.8631397690327,697.1545483698808,BAPC
China,Male,ASIR,2019.0,702.8373691207632,702.1884408599122,703.4862973816142,BAPC
China,Male,ASIR,2020.0,705.4559396154584,704.8056655944885,706.1062136364286,BAPC
China,Male,ASIR,2021.0,705.389044480138,704.7390059654697,706.0390829948064,BAPC
China,Male,ASIR,2022.0,705.2961119716431,704.6465402969978,705.9456836462873,BAPC
China,Male,ASIR,2023.0,699.67142391085,699.0224390191771,700.3204088025219,BAPC
China,Male,ASIR,2024.0,696.6126033177384,687.7238614744192,705.5013451610586,BAPC
China,Male,ASIR,2025.0,694.5648662382671,679.4855694276976,709.6441630488366,BAPC
China,Male,ASIR,2026.0,692.4068014566275,669.5295151801477,715.2840877331083,BAPC
China,Male,ASIR,2027.0,690.1481423001861,658.2870886051846,722.0091959951876,BAPC
China,Male,ASIR,2028.0,687.763151243129,645.926527269855,729.5997752164037,BAPC
China,Male,ASIR,2029.0,685.2973828352092,632.5985831664906,737.9961825039277,BAPC
China,Male,ASIR,2030.0,682.7362061126719,618.4021479563633,747.0702642689807,BAPC
China,Male,ASIR,2031.0,680.0805140810537,603.421371760818,756.7396564012892,BAPC
China,Male,ASIR,2032.0,677.341957771253,587.7294324384306,766.9544831040753,BAPC
China,Male,ASIR,2033.0,674.4980952042922,571.3514100282912,777.6447803802922,BAPC
China,Male,ASIR,2034.0,671.5789787745795,554.3445991114714,788.8133584376884,BAPC
China,Male,ASIR,2035.0,668.5655390208512,536.7453569699135,800.385721071789,BAPC
China,Male,ASIR,2036.0,665.4566893814598,518.5980407703356,812.3153379925841,BAPC
China,Male,ASIR,2037.0,662.2632912792839,499.9486023485644,824.5779802100033,BAPC
China,Male,ASIR,2038.0,658.9715838507021,480.8145798770872,837.128587824318,BAPC
China,Male,ASIR,2039.0,655.6163895373477,461.24185779316684,849.9909212815285,BAPC
China,Male,ASIR,2040.0,652.171820902016,441.24768319753,863.0959586065019,BAPC
China,Male,ASIR,2041.0,648.631997985975,420.8611797243113,876.4028162476387,BAPC
China,Male,ASIR,2042.0,645.0050576133601,400.11645367604484,889.8936615506755,BAPC
China,Male,ASIR,2043.0,641.2865026777522,379.0330455181059,903.5399598373983,BAPC
China,Male,ASIR,2044.0,637.5213430544839,357.6544523715851,917.3882337373826,BAPC
China,Male,ASIR,2045.0,633.682726181933,335.992788382816,931.372663981051,BAPC
China,Male,ASIR,2046.0,629.7633779441958,314.07086117258234,945.4558947158082,BAPC
China,Male,ASIR,2047.0,625.770019943685,291.91611080003776,959.6239290873324,BAPC
China,Male,ASIR,2048.0,621.7042072557092,269.54863647785726,973.8597780335601,BAPC
China,Male,ASIR,2049.0,617.611213262919,247.00336635054265,988.2190601752994,BAPC
China,Male,ASIR,2050.0,613.4673900067226,224.29213916973472,1002.6426408437063,BAPC
China,Male,ASIR,2051.0,609.2653602070816,201.4338515235545,1017.0968688906047,BAPC
China,Male,ASIR,2052.0,605.0095964495346,178.45004286829507,1031.5691500307728,BAPC
China,Male,ASIR,2053.0,600.7034345051027,155.35838678196527,1046.0484822282374,BAPC
China,Male,ASPR,1990.0,7870.519151573694,7868.273149123547,7872.765154023832,BAPC
China,Male,ASPR,1991.0,7870.423803385795,7868.203280083955,7872.644326687635,BAPC
China,Male,ASPR,1992.0,7870.2889124580615,7868.088679549948,7872.489145366175,BAPC
China,Male,ASPR,1993.0,7870.102639601778,7867.921842706332,7872.283436497214,BAPC
China,Male,ASPR,1994.0,7870.0806086589155,7867.918465007044,7872.242752310797,BAPC
China,Male,ASPR,1995.0,7870.189479581517,7868.041602538409,7872.337356624635,BAPC
China,Male,ASPR,1996.0,7853.269293725893,7851.136618502159,7855.401968949626,BAPC
China,Male,ASPR,1997.0,7812.690577684025,7810.576179503692,7814.804975864367,BAPC
China,Male,ASPR,1998.0,7764.2212820392415,7762.126810876167,7766.315753202308,BAPC
China,Male,ASPR,1999.0,7723.887373955617,7721.81213518484,7725.962612726392,BAPC
China,Male,ASPR,2000.0,7707.4878104003,7705.426239643937,7709.549381156665,BAPC
China,Male,ASPR,2001.0,7748.970174299453,7746.914307933882,7751.026040665024,BAPC
China,Male,ASPR,2002.0,7847.751589010864,7845.694314657807,7849.808863363921,BAPC
China,Male,ASPR,2003.0,7967.799302460134,7965.738581585837,7969.8600233344305,BAPC
China,Male,ASPR,2004.0,8073.243976894864,8071.18142319796,8075.306530591768,BAPC
China,Male,ASPR,2005.0,8128.009355148565,8125.9488268712175,8130.069883425905,BAPC
China,Male,ASPR,2006.0,8144.518306627393,8142.4630132794855,8146.573599975301,BAPC
China,Male,ASPR,2007.0,8158.591480293345,8156.540530583591,8160.642430003108,BAPC
China,Male,ASPR,2008.0,8169.388534709159,8167.341200069669,8171.435869348649,BAPC
China,Male,ASPR,2009.0,8176.2626116201745,8174.21739927512,8178.3078239652295,BAPC
China,Male,ASPR,2010.0,8178.394987467355,8176.350119307503,8180.439855627197,BAPC
China,Male,ASPR,2011.0,8177.67923497842,8175.633949646975,8179.724520309862,BAPC
China,Male,ASPR,2012.0,8176.519592139257,8174.473286052566,8178.565898225947,BAPC
China,Male,ASPR,2013.0,8174.958664394999,8172.910769709761,8177.00655908024,BAPC
China,Male,ASPR,2014.0,8173.215217306067,8171.164532927602,8175.26590168453,BAPC
China,Male,ASPR,2015.0,8171.364106237071,8169.30917308733,8173.41903938681,BAPC
China,Male,ASPR,2016.0,8204.252317303435,8202.188407217522,8206.31622738934,BAPC
China,Male,ASPR,2017.0,8285.239035950144,8283.160213264367,8287.317858635932,BAPC
China,Male,ASPR,2018.0,8382.204520719963,8380.108890219459,8384.300151220457,BAPC
China,Male,ASPR,2019.0,8463.13331673013,8461.022432579575,8465.244200880685,BAPC
China,Male,ASPR,2020.0,8495.902154223657,8493.781511544563,8498.022796902753,BAPC
China,Male,ASPR,2021.0,8493.904847770085,8491.77933150536,8496.030364034801,BAPC
China,Male,ASPR,2022.0,8491.85788771094,8489.72859481648,8493.987180605405,BAPC
China,Male,ASPR,2023.0,8430.22162402215,8428.097946462776,8432.345301581521,BAPC
China,Male,ASPR,2024.0,8361.586014234428,8261.367875208323,8461.804153260531,BAPC
China,Male,ASPR,2025.0,8321.98403038308,8140.7183018711185,8503.249758895052,BAPC
China,Male,ASPR,2026.0,8282.052313257009,8000.030984732462,8564.073641781548,BAPC
China,Male,ASPR,2027.0,8241.903870469896,7844.465087863745,8639.342653076048,BAPC
China,Male,ASPR,2028.0,8201.137113693945,7676.041345296246,8726.232882091646,BAPC
China,Male,ASPR,2029.0,8160.118696630929,7496.495050651051,8823.742342610818,BAPC
China,Male,ASPR,2030.0,8118.673846552291,7307.024880504649,8930.322812599925,BAPC
China,Male,ASPR,2031.0,8076.561841526365,7108.4599377237455,9044.663745328975,BAPC
China,Male,ASPR,2032.0,8033.850084483435,6901.697907138557,9166.002261828302,BAPC
China,Male,ASPR,2033.0,7990.290166153934,6687.1625367327115,9293.417795575155,BAPC
China,Male,ASPR,2034.0,7946.560506180958,6465.856542789957,9427.26446957195,BAPC
China,Male,ASPR,2035.0,7902.2689141582705,6238.08278194047,9566.45504637607,BAPC
China,Male,ASPR,2036.0,7857.132567196813,6004.180553748486,9710.084580645162,BAPC
China,Male,ASPR,2037.0,7811.210470799645,5764.695816066324,9857.725125533003,BAPC
China,Male,ASPR,2038.0,7764.3915521355075,5519.946098259156,10008.83700601188,BAPC
China,Male,ASPR,2039.0,7717.520759156743,5270.7960464865155,10164.245471826922,BAPC
China,Male,ASPR,2040.0,7670.056050032211,5017.283010089249,10322.829089975212,BAPC
China,Male,ASPR,2041.0,7621.694194439878,4759.615003591845,10483.773385287881,BAPC
China,Male,ASPR,2042.0,7572.481279181142,4498.203327910183,10646.759230452051,BAPC
China,Male,ASPR,2043.0,7522.414242746537,4233.359916214477,10811.468569278615,BAPC
China,Male,ASPR,2044.0,7472.42793583101,3965.8131832978243,10979.042688364196,BAPC
China,Male,ASPR,2045.0,7421.886976199547,3695.5258720674933,11148.248080331658,BAPC
China,Male,ASPR,2046.0,7370.479572584839,3422.669452193902,11318.289692975766,BAPC
China,Male,ASPR,2047.0,7318.239815554273,3147.580227307518,11488.899403801057,BAPC
China,Male,ASPR,2048.0,7265.245553728129,2870.5605806165363,11659.93052683976,BAPC
China,Male,ASPR,2049.0,7212.450944280029,2592.1599440938603,11832.74194446614,BAPC
China,Male,ASPR,2050.0,7159.198322864408,2312.3730888940077,12006.023556834838,BAPC
China,Male,ASPR,2051.0,7105.187268975065,2031.375765201102,12178.998772749059,BAPC
China,Male,ASPR,2052.0,7050.444674351847,1749.4518934483842,12351.437455255358,BAPC
China,Male,ASPR,2053.0,6995.1003005165685,1466.8697298723255,12523.330871160792,BAPC
G20,Both,ASDR,1990.0,471.1650330286749,470.93425759465674,471.3958084626931,BAPC
G20,Both,ASDR,1991.0,471.1534301506956,470.9255759997902,471.3812843016019,BAPC
G20,Both,ASDR,1992.0,471.1940042547495,470.9680759027743,471.41993260672376,BAPC
G20,Both,ASDR,1993.0,471.27100628060515,471.0469343763349,471.4950781848754,BAPC
G20,Both,ASDR,1994.0,471.31099739528094,471.0887149899672,471.5332798005947,BAPC
G20,Both,ASDR,1995.0,471.4376523091709,471.2170041451909,471.65830047315086,BAPC
G20,Both,ASDR,1996.0,471.15484382883403,470.93590606849455,471.3737815891744,BAPC
G20,Both,ASDR,1997.0,470.55505523109315,470.3379705602557,470.7721399019307,BAPC
G20,Both,ASDR,1998.0,469.66009867614383,469.4449123993387,469.875284952949,BAPC
G20,Both,ASDR,1999.0,468.9958487845136,468.78252905309273,469.2091685159336,BAPC
G20,Both,ASDR,2000.0,468.85382125051785,468.64213939899935,469.06550310203545,BAPC
G20,Both,ASDR,2001.0,469.7336866403326,469.52341509641485,469.9439581842504,BAPC
G20,Both,ASDR,2002.0,471.66445107843543,471.4553453099205,471.87355684694944,BAPC
G20,Both,ASDR,2003.0,473.983199799044,473.7751420116687,474.1912575864202,BAPC
G20,Both,ASDR,2004.0,475.9965543551268,475.789577784938,476.2035309253157,BAPC
G20,Both,ASDR,2005.0,477.1414254637129,476.9356490668483,477.3472018605784,BAPC
G20,Both,ASDR,2006.0,477.7127576865067,477.50822776441385,477.9172876086004,BAPC
G20,Both,ASDR,2007.0,478.3107110300179,478.10734099096584,478.51408106906905,BAPC
G20,Both,ASDR,2008.0,478.94601347717895,478.743718372869,479.1483085814879,BAPC
G20,Both,ASDR,2009.0,479.56158764778235,479.3602718631985,479.7629034323672,BAPC
G20,Both,ASDR,2010.0,479.9547355524156,479.7543658307663,480.15510527406406,BAPC
G20,Both,ASDR,2011.0,480.19484709477194,479.9953872174456,480.3943069720992,BAPC
G20,Both,ASDR,2012.0,480.2478860031889,480.0493331851894,480.4464388211885,BAPC
G20,Both,ASDR,2013.0,480.15904703024336,479.9613872210307,480.35670683945693,BAPC
G20,Both,ASDR,2014.0,480.2015173492799,480.0046490833785,480.39838561518224,BAPC
G20,Both,ASDR,2015.0,480.18027679633065,479.9841499270388,480.3764036656235,BAPC
G20,Both,ASDR,2016.0,480.82223127725825,480.6266570822917,481.01780547222484,BAPC
G20,Both,ASDR,2017.0,482.2549561680518,482.05974037326666,482.450171962838,BAPC
G20,Both,ASDR,2018.0,483.91517247163915,483.7202353819926,484.11010956128473,BAPC
G20,Both,ASDR,2019.0,485.36910848636364,485.1744353530962,485.5637816196301,BAPC
G20,Both,ASDR,2020.0,484.72566157049346,484.53160812031507,484.9197150206718,BAPC
G20,Both,ASDR,2021.0,484.3085074246691,484.11495931521245,484.5020555341257,BAPC
G20,Both,ASDR,2022.0,484.4552742782977,484.262134057912,484.64841449868334,BAPC
G20,Both,ASDR,2023.0,483.7490030241685,483.556086208238,483.9419198400979,BAPC
G20,Both,ASDR,2024.0,483.0379857225994,478.8755742163767,487.20039722882115,BAPC
G20,Both,ASDR,2025.0,482.42474646931265,475.1724966447474,489.676996293877,BAPC
G20,Both,ASDR,2026.0,481.79373644331775,470.673161335768,492.91431155086866,BAPC
G20,Both,ASDR,2027.0,481.1537719688441,465.57950524902014,496.7280386886681,BAPC
G20,Both,ASDR,2028.0,480.46493330866406,459.93500164784416,500.994864969484,BAPC
G20,Both,ASDR,2029.0,479.7045529296827,453.7544046432261,505.6547012161393,BAPC
G20,Both,ASDR,2030.0,478.85493808626796,447.08324999023404,510.6266261823019,BAPC
G20,Both,ASDR,2031.0,477.97022664059523,440.01608606775466,515.9243672134359,BAPC
G20,Both,ASDR,2032.0,477.0566319533545,432.58854375329105,521.5247201534169,BAPC
G20,Both,ASDR,2033.0,476.0779452124539,424.7834345895045,527.3724558354033,BAPC
G20,Both,ASDR,2034.0,475.0181562860456,416.58999786811916,533.446314703973,BAPC
G20,Both,ASDR,2035.0,473.85915440296486,408.0236713575117,539.6946374484179,BAPC
G20,Both,ASDR,2036.0,472.6507269173238,399.15277103033435,546.1486828043132,BAPC
G20,Both,ASDR,2037.0,471.40313959694794,390.0038304494019,552.8024487444939,BAPC
G20,Both,ASDR,2038.0,470.0944022865512,380.56731065333514,559.6214939197663,BAPC
G20,Both,ASDR,2039.0,468.72206142523396,370.84123948011984,566.6028833703481,BAPC
G20,Both,ASDR,2040.0,467.2736786614048,360.83724719664974,573.7101101261599,BAPC
G20,Both,ASDR,2041.0,465.78849845767525,350.6037787350125,580.9732181803379,BAPC
G20,Both,ASDR,2042.0,464.27272233631277,340.15815787724785,588.3872867953777,BAPC
G20,Both,ASDR,2043.0,462.70726978854987,329.4922909813937,595.922248595705,BAPC
G20,Both,ASDR,2044.0,461.0922621227876,318.60570277138834,603.5788214741868,BAPC
G20,Both,ASDR,2045.0,459.41209685929516,307.50401673391605,611.3201769846744,BAPC
G20,Both,ASDR,2046.0,457.6909424899602,296.21800186031356,619.1638831196058,BAPC
G20,Both,ASDR,2047.0,455.93063230547307,284.75945513653323,627.101809474413,BAPC
G20,Both,ASDR,2048.0,454.11741625506914,273.1252575066156,635.1095750035228,BAPC
G20,Both,ASDR,2049.0,452.2568612509858,261.3192165743751,643.1945059275965,BAPC
G20,Both,ASDR,2050.0,450.3338585831438,249.34630499970964,651.321412166577,BAPC
G20,Both,ASDR,2051.0,448.36395436885505,237.22782671600058,659.5000820217095,BAPC
G20,Both,ASDR,2052.0,446.3473421467803,224.9735004860543,667.7211838075073,BAPC
G20,Both,ASDR,2053.0,444.27560213791025,212.58466662670043,675.9665376491201,BAPC
G20,Both,ASIR,1990.0,1110.775234522081,1110.4298997642197,1111.1205692799326,BAPC
G20,Both,ASIR,1991.0,1110.3928940315693,1110.050578072309,1110.7352099908394,BAPC
G20,Both,ASIR,1992.0,1110.0160789299753,1109.6761784784803,1110.35597938147,BAPC
G20,Both,ASIR,1993.0,1109.620493804167,1109.2829570442043,1109.95803056413,BAPC
G20,Both,ASIR,1994.0,1109.2737490978561,1108.9384698703493,1109.609028325363,BAPC
G20,Both,ASIR,1995.0,1108.9504372844715,1108.617267058818,1109.2836075101347,BAPC
G20,Both,ASIR,1996.0,1108.2246361765478,1107.8934947264397,1108.5557776266462,BAPC
G20,Both,ASIR,1997.0,1106.9170973174196,1106.587970923157,1107.2462237116724,BAPC
G20,Both,ASIR,1998.0,1105.738393904465,1105.4111173888389,1106.0656704200912,BAPC
G20,Both,ASIR,1999.0,1105.3976269397697,1105.0719095416493,1105.7233443379,BAPC
G20,Both,ASIR,2000.0,1106.4927510138334,1106.1681838492168,1106.8173181784498,BAPC
G20,Both,ASIR,2001.0,1109.9601186958457,1109.636240357065,1110.2839970346263,BAPC
G20,Both,ASIR,2002.0,1115.4254818276106,1115.1018754678194,1115.749088187392,BAPC
G20,Both,ASIR,2003.0,1121.6640331388087,1121.3404699759199,1121.987596301697,BAPC
G20,Both,ASIR,2004.0,1127.4638442613339,1127.1402792491988,1127.7874092734787,BAPC
G20,Both,ASIR,2005.0,1131.4403716496467,1131.1170011226773,1131.7637421766062,BAPC
G20,Both,ASIR,2006.0,1133.9030702611362,1133.580074789068,1134.2260657332145,BAPC
G20,Both,ASIR,2007.0,1136.0396184489023,1135.7169987111681,1136.3622381866267,BAPC
G20,Both,ASIR,2008.0,1137.8515970785659,1137.5293693182143,1138.1738248389172,BAPC
G20,Both,ASIR,2009.0,1139.3634753797332,1139.041636478051,1139.6853142814252,BAPC
G20,Both,ASIR,2010.0,1140.4803835825062,1140.1590020420642,1140.8017651229381,BAPC
G20,Both,ASIR,2011.0,1140.9411124473286,1140.620322450751,1141.2619024438964,BAPC
G20,Both,ASIR,2012.0,1140.737220971085,1140.4171562044723,1141.0572857376876,BAPC
G20,Both,ASIR,2013.0,1140.21313157428,1139.8938433443827,1140.5324198041671,BAPC
G20,Both,ASIR,2014.0,1139.7670303574507,1139.4484657513722,1140.0855949635195,BAPC
G20,Both,ASIR,2015.0,1139.8135873048682,1139.495596163754,1140.1315784459723,BAPC
G20,Both,ASIR,2016.0,1141.4104056505357,1141.0927146481233,1141.7280966529383,BAPC
G20,Both,ASIR,2017.0,1144.4846959753118,1144.1671186044987,1144.8022733461346,BAPC
G20,Both,ASIR,2018.0,1147.872177526587,1147.5546937961435,1148.1896612570304,BAPC
G20,Both,ASIR,2019.0,1150.538760374325,1150.2214255506763,1150.8560951979637,BAPC
G20,Both,ASIR,2020.0,1151.38611242498,1151.0691314460366,1151.7030934039235,BAPC
G20,Both,ASIR,2021.0,1151.2223457773237,1150.9058332849218,1151.5388582697256,BAPC
G20,Both,ASIR,2022.0,1151.1879987025177,1150.8718927399061,1151.504104665139,BAPC
G20,Both,ASIR,2023.0,1149.56765965239,1149.2518869197904,1149.8834323849894,BAPC
G20,Both,ASIR,2024.0,1144.3155329984324,1133.453680363036,1155.177385633829,BAPC
G20,Both,ASIR,2025.0,1142.5681551462108,1124.6774992691312,1160.4588110232903,BAPC
G20,Both,ASIR,2026.0,1140.694027146085,1113.83933719228,1167.5487170998997,BAPC
G20,Both,ASIR,2027.0,1138.6791365688266,1101.430535315171,1175.927737822492,BAPC
G20,Both,ASIR,2028.0,1136.4608550661649,1087.6103887410916,1185.311321391248,BAPC
G20,Both,ASIR,2029.0,1134.0192722460154,1072.4707753771806,1195.5677691148596,BAPC
G20,Both,ASIR,2030.0,1131.3984880341684,1056.1961524355224,1206.6008236328148,BAPC
G20,Both,ASIR,2031.0,1128.6269163765346,1038.9128003497242,1218.3410324033448,BAPC
G20,Both,ASIR,2032.0,1125.6907628769611,1020.6781492192721,1230.7033765346503,BAPC
G20,Both,ASIR,2033.0,1122.5463039343229,1001.4962660710048,1243.5963417976307,BAPC
G20,Both,ASIR,2034.0,1119.1878385145687,981.3886703021075,1256.9870067270288,BAPC
G20,Both,ASIR,2035.0,1115.6614174966364,960.4626901054014,1270.8601448878806,BAPC
G20,Both,ASIR,2036.0,1111.989417439251,938.7910706180605,1285.1877642604475,BAPC
G20,Both,ASIR,2037.0,1108.1558341884247,916.4010830634782,1299.910585313373,BAPC
G20,Both,ASIR,2038.0,1104.1243688481063,893.2892687990034,1314.959468897204,BAPC
G20,Both,ASIR,2039.0,1099.900790830712,869.4770256785929,1330.3245559828172,BAPC
G20,Both,ASIR,2040.0,1095.540077256209,845.0542105773094,1346.0259439351091,BAPC
G20,Both,ASIR,2041.0,1091.0636382336804,820.0746430765075,1362.0526333908517,BAPC
G20,Both,ASIR,2042.0,1086.4572142426223,794.5561223268046,1378.358306158443,BAPC
G20,Both,ASIR,2043.0,1081.6896686843393,768.4946299201399,1394.8847074485398,BAPC
G20,Both,ASIR,2044.0,1076.7696726571953,741.909121603456,1411.6302237109294,BAPC
G20,Both,ASIR,2045.0,1071.7474862569215,714.8706150533733,1428.6243574604678,BAPC
G20,Both,ASIR,2046.0,1066.6380426539179,687.4181537221591,1445.8579315856766,BAPC
G20,Both,ASIR,2047.0,1061.4269457080247,659.564948475075,1463.2889429409704,BAPC
G20,Both,ASIR,2048.0,1056.0880469521958,631.3104115127416,1480.865682391646,BAPC
G20,Both,ASIR,2049.0,1050.631153247651,602.6727137102991,1498.5895927850024,BAPC
G20,Both,ASIR,2050.0,1045.10153665558,573.7079822833531,1516.4950910278067,BAPC
G20,Both,ASIR,2051.0,1039.5122458820103,544.4471305484791,1534.5773612155515,BAPC
G20,Both,ASIR,2052.0,1033.851841436578,514.9025591430042,1552.801123730161,BAPC
G20,Both,ASIR,2053.0,1028.1003041957595,485.0778046653195,1571.1228037261997,BAPC
G20,Both,ASPR,1990.0,13557.16733290571,13555.935430843,13558.399234968518,BAPC
G20,Both,ASPR,1991.0,13555.656746719038,13554.4357419719,13556.877751466176,BAPC
G20,Both,ASPR,1992.0,13556.932270032989,13555.721601912435,13558.142938153638,BAPC
G20,Both,ASPR,1993.0,13558.379745461978,13557.179012662906,13559.580478260954,BAPC
G20,Both,ASPR,1994.0,13559.393348312666,13558.202285181822,13560.584411443415,BAPC
G20,Both,ASPR,1995.0,13560.323728598283,13559.141640043386,13561.505817153085,BAPC
G20,Both,ASPR,1996.0,13552.133022861082,13550.960059320341,13553.305986401825,BAPC
G20,Both,ASPR,1997.0,13530.922630118097,13529.759403988262,13532.085856247932,BAPC
G20,Both,ASPR,1998.0,13504.90290559748,13503.749481355742,13506.05632983922,BAPC
G20,Both,ASPR,1999.0,13484.346111508237,13483.202178369056,13485.49004464742,BAPC
G20,Both,ASPR,2000.0,13479.858017988212,13478.722449915367,13480.993586061057,BAPC
G20,Both,ASPR,2001.0,13505.403897280032,13504.275324074548,13506.532470485517,BAPC
G20,Both,ASPR,2002.0,13556.555396271391,13555.432637034593,13557.678155508094,BAPC
G20,Both,ASPR,2003.0,13617.212303341554,13616.09474627018,13618.329860412829,BAPC
G20,Both,ASPR,2004.0,13672.171087552324,13671.05871703006,13673.28345807459,BAPC
G20,Both,ASPR,2005.0,13705.021136988089,13703.914480819765,13706.127793156413,BAPC
G20,Both,ASPR,2006.0,13723.60794296395,13722.50717883403,13724.708707093872,BAPC
G20,Both,ASPR,2007.0,13744.430127668322,13743.334797636211,13745.525457700433,BAPC
G20,Both,ASPR,2008.0,13765.309319811538,13764.219061010413,13766.399578612762,BAPC
G20,Both,ASPR,2009.0,13784.435255668408,13783.349657492307,13785.520853844511,BAPC
G20,Both,ASPR,2010.0,13799.172879786374,13798.091708766055,13800.254050806692,BAPC
G20,Both,ASPR,2011.0,13810.188450507268,13809.111485582614,13811.265415431824,BAPC
G20,Both,ASPR,2012.0,13818.960608287642,13817.887663024934,13820.033553550347,BAPC
G20,Both,ASPR,2013.0,13825.610703297014,13824.54155486146,13826.679851732664,BAPC
G20,Both,ASPR,2014.0,13831.144479316434,13830.078799212608,13832.210159420163,BAPC
G20,Both,ASPR,2015.0,13836.07358067571,13835.01107474397,13837.136086607448,BAPC
G20,Both,ASPR,2016.0,13857.869275346493,13856.809071930285,13858.929478762799,BAPC
G20,Both,ASPR,2017.0,13902.762420808493,13901.703478215266,13903.821363401816,BAPC
G20,Both,ASPR,2018.0,13954.999121793831,13953.94099035024,13956.057253237419,BAPC
G20,Both,ASPR,2019.0,13998.811715894177,13997.754446519628,13999.868985268726,BAPC
G20,Both,ASPR,2020.0,14019.07136732724,14018.015508880802,14020.127225773776,BAPC
G20,Both,ASPR,2021.0,14026.027082609986,14024.97286776887,14027.0812974511,BAPC
G20,Both,ASPR,2022.0,14032.907212678738,14031.854720793262,14033.959704564213,BAPC
G20,Both,ASPR,2023.0,14008.403922701773,14007.354447264224,14009.453398139223,BAPC
G20,Both,ASPR,2024.0,13980.894768369206,13864.319241673202,14097.470295065112,BAPC
G20,Both,ASPR,2025.0,13961.464494936587,13758.387303670608,14164.541686202563,BAPC
G20,Both,ASPR,2026.0,13941.219986826096,13629.480190372946,14252.959783279248,BAPC
G20,Both,ASPR,2027.0,13920.058615962334,13483.099428230084,14357.017803694489,BAPC
G20,Both,ASPR,2028.0,13896.868514447586,13320.58525175991,14473.151777135163,BAPC
G20,Both,ASPR,2029.0,13871.269010477454,13142.68864587348,14599.849375081332,BAPC
G20,Both,ASPR,2030.0,13843.345928625095,12951.199653760343,14735.492203489943,BAPC
G20,Both,ASPR,2031.0,13814.241214985444,12748.408634193305,14880.073795777678,BAPC
G20,Both,ASPR,2032.0,13783.89318457185,12535.121289053535,15032.665080090164,BAPC
G20,Both,ASPR,2033.0,13751.429211993523,12311.034175849067,15191.824248137886,BAPC
G20,Both,ASPR,2034.0,13716.677557883708,12076.148492865797,15357.206622901713,BAPC
G20,Both,ASPR,2035.0,13679.682901691822,11831.337743912161,15528.028059471484,BAPC
G20,Both,ASPR,2036.0,13641.311659165533,11578.031476873599,15704.591841457366,BAPC
G20,Both,ASPR,2037.0,13601.499238905368,11316.682807967789,15886.315669842947,BAPC
G20,Both,ASPR,2038.0,13559.603129913346,11047.040285411424,16072.165974415271,BAPC
G20,Both,ASPR,2039.0,13515.665292856813,10769.193487322096,16262.137098391528,BAPC
G20,Both,ASPR,2040.0,13469.76435792405,10483.784750889394,16455.743964958707,BAPC
G20,Both,ASPR,2041.0,13422.520800850065,10191.789346988744,16653.252254711388,BAPC
G20,Both,ASPR,2042.0,13373.83475333271,9893.50743332301,16854.162073342504,BAPC
G20,Both,ASPR,2043.0,13323.218121390824,9588.793214085108,17057.643028696428,BAPC
G20,Both,ASPR,2044.0,13270.844691269505,9277.817548216568,17263.871834322366,BAPC
G20,Both,ASPR,2045.0,13216.821719400807,8961.10545877379,17472.537980027762,BAPC
G20,Both,ASPR,2046.0,13161.564753636081,8639.327561110229,17683.801946161853,BAPC
G20,Both,ASPR,2047.0,13104.951889176027,8312.70594483647,17897.197833515635,BAPC
G20,Both,ASPR,2048.0,13046.62385036911,7981.194554346132,18112.053146392187,BAPC
G20,Both,ASPR,2049.0,12986.843233046948,7645.009175933997,18328.677290159994,BAPC
G20,Both,ASPR,2050.0,12925.764171478813,7304.606772205269,18546.921570752347,BAPC
G20,Both,ASPR,2051.0,12863.66311213177,6960.460780627465,18766.865443636052,BAPC
G20,Both,ASPR,2052.0,12800.407751137142,6612.749136444631,18988.066365829756,BAPC
G20,Both,ASPR,2053.0,12735.734289998874,6261.495091161083,19209.973488836647,BAPC
G20,Female,ASDR,1990.0,663.7810914174289,663.3922259852094,664.1699568496484,BAPC
G20,Female,ASDR,1991.0,664.0395339996865,663.6556891935597,664.4233788058131,BAPC
G20,Female,ASDR,1992.0,664.2269969179397,663.8462526437099,664.6077411921684,BAPC
G20,Female,ASDR,1993.0,664.3910342921771,664.0133384547747,664.7687301295794,BAPC
G20,Female,ASDR,1994.0,664.4128619765909,664.0381634426118,664.7875605105701,BAPC
G20,Female,ASDR,1995.0,664.4377336993549,664.0658283242403,664.8096390744695,BAPC
G20,Female,ASDR,1996.0,664.0471054334685,663.6781093503583,664.4161015165786,BAPC
G20,Female,ASDR,1997.0,663.19548260409,662.829660616989,663.5613045911911,BAPC
G20,Female,ASDR,1998.0,661.9460572682312,661.5834829235597,662.3086316129038,BAPC
G20,Female,ASDR,1999.0,661.0627973505608,660.7033955628318,661.4221991382899,BAPC
G20,Female,ASDR,2000.0,660.8249449200229,660.4683483481401,661.1815414919056,BAPC
G20,Female,ASDR,2001.0,661.8418764904343,661.4877423881633,662.1960105927045,BAPC
G20,Female,ASDR,2002.0,664.4838312916328,664.131696901683,664.8359656815835,BAPC
G20,Female,ASDR,2003.0,667.5490410026364,667.198732116639,667.8993498886329,BAPC
G20,Female,ASDR,2004.0,670.2370495173108,669.8885745516083,670.5855244830134,BAPC
G20,Female,ASDR,2005.0,671.7851762751358,671.4386978004508,672.1316547498209,BAPC
G20,Female,ASDR,2006.0,672.4725688807479,672.1281618540169,672.8169759074779,BAPC
G20,Female,ASDR,2007.0,673.1971085073338,672.8546157000151,673.5396013146517,BAPC
G20,Female,ASDR,2008.0,673.8774466328447,673.5367413523408,674.2181519133487,BAPC
G20,Female,ASDR,2009.0,674.5598314609878,674.2207265542702,674.8989363677046,BAPC
G20,Female,ASDR,2010.0,674.9770072979851,674.6394232730772,675.3145913228917,BAPC
G20,Female,ASDR,2011.0,675.223309750115,674.8871643829547,675.5594551172754,BAPC
G20,Female,ASDR,2012.0,675.044012823977,674.7093279013603,675.3786977465948,BAPC
G20,Female,ASDR,2013.0,674.6700056255698,674.3367402683452,675.0032709827944,BAPC
G20,Female,ASDR,2014.0,674.5406176877916,674.2085568188003,674.872678556784,BAPC
G20,Female,ASDR,2015.0,674.4371393858722,674.1061583342672,674.7681204374771,BAPC
G20,Female,ASDR,2016.0,675.2104676974612,674.880259148646,675.5406762462774,BAPC
G20,Female,ASDR,2017.0,676.7615414441357,676.4318632937183,677.091219594553,BAPC
G20,Female,ASDR,2018.0,678.5682064466209,678.2389384594547,678.8974744337872,BAPC
G20,Female,ASDR,2019.0,680.1825295044754,679.8536200029089,680.5114390060429,BAPC
G20,Female,ASDR,2020.0,678.9015115570069,678.5735765507675,679.2294465632455,BAPC
G20,Female,ASDR,2021.0,678.2082941009913,677.8811007227338,678.5354874792499,BAPC
G20,Female,ASDR,2022.0,678.3242606114858,677.9976395684786,678.650881654492,BAPC
G20,Female,ASDR,2023.0,677.3082518800264,676.9816618428753,677.6348419171777,BAPC
G20,Female,ASDR,2024.0,676.3959317869788,670.4148750686521,682.3769885053056,BAPC
G20,Female,ASDR,2025.0,675.4793883472407,665.1218565011116,685.8369201933699,BAPC
G20,Female,ASDR,2026.0,674.5548595048884,658.714813229601,690.3949057801768,BAPC
G20,Female,ASDR,2027.0,673.6156236051378,651.4631498193302,695.7680973909444,BAPC
G20,Female,ASDR,2028.0,672.5986102350672,643.4227425110321,701.7744779591022,BAPC
G20,Female,ASDR,2029.0,671.474833063623,634.617861103914,708.3318050233329,BAPC
G20,Female,ASDR,2030.0,670.2253685971042,625.120162644394,715.3305745498144,BAPC
G20,Female,ASDR,2031.0,668.9425350879285,615.0784728628436,722.8065973130143,BAPC
G20,Female,ASDR,2032.0,667.6152703944973,604.5245734167337,730.7059673722608,BAPC
G20,Female,ASDR,2033.0,666.186944682675,593.4290863761721,738.9448029891769,BAPC
G20,Female,ASDR,2034.0,664.6372709790676,581.779035350701,747.4955066074341,BAPC
G20,Female,ASDR,2035.0,662.9481111525322,569.6037540524359,756.2924682526284,BAPC
G20,Female,ASDR,2036.0,661.2036214005695,557.0117312203373,765.3955115808026,BAPC
G20,Female,ASDR,2037.0,659.4006634170581,544.025165547569,774.7761612865472,BAPC
G20,Female,ASDR,2038.0,657.5043523003133,530.627414125571,784.3812904750544,BAPC
G20,Female,ASDR,2039.0,655.5137715914132,516.817927458031,794.2096157247951,BAPC
G20,Female,ASDR,2040.0,653.4196768671391,502.6203821548794,804.2189715793979,BAPC
G20,Female,ASDR,2041.0,651.2873008210634,488.11054029885486,814.4640613432719,BAPC
G20,Female,ASDR,2042.0,649.1086711807649,473.2998232791573,824.9175190823714,BAPC
G20,Female,ASDR,2043.0,646.8525273758263,458.1737602235937,835.531294528059,BAPC
G20,Female,ASDR,2044.0,644.5195264728777,442.7323560567483,846.3066968890072,BAPC
G20,Female,ASDR,2045.0,642.0967086676801,426.9905332695075,857.2028840658527,BAPC
G20,Female,ASDR,2046.0,639.626293236831,410.99696129434176,868.2556251793203,BAPC
G20,Female,ASDR,2047.0,637.0967721192449,394.75881625332926,879.4347279851605,BAPC
G20,Female,ASDR,2048.0,634.4859473506136,378.2701801210185,890.7017145802089,BAPC
G20,Female,ASDR,2049.0,631.802014560118,361.5369916966348,902.0670374236012,BAPC
G20,Female,ASDR,2050.0,629.032295942776,344.571956250833,913.4926356347182,BAPC
G20,Female,ASDR,2051.0,626.2056602145217,327.40879646258594,925.0025239664573,BAPC
G20,Female,ASDR,2052.0,623.3098510252164,310.05427204732405,936.5654300031078,BAPC
G20,Female,ASDR,2053.0,620.3302156528438,292.5091916605226,948.1512396451641,BAPC
G20,Female,ASIR,1990.0,1414.2818924258331,1413.7250663262028,1414.8387185254537,BAPC
G20,Female,ASIR,1991.0,1413.8956255688024,1413.3436581776252,1414.4475929599896,BAPC
G20,Female,ASIR,1992.0,1413.4464985427867,1412.8982975817548,1413.994699503818,BAPC
G20,Female,ASIR,1993.0,1412.9182444585545,1412.3737604537155,1413.4627284633937,BAPC
G20,Female,ASIR,1994.0,1412.383966411525,1411.8430664605644,1412.924866362486,BAPC
G20,Female,ASIR,1995.0,1411.7922886999313,1411.2547772554562,1412.329800144406,BAPC
G20,Female,ASIR,1996.0,1410.9372141386073,1410.402950509025,1411.4714777681795,BAPC
G20,Female,ASIR,1997.0,1409.7500652606705,1409.2189690677317,1410.2811614535988,BAPC
G20,Female,ASIR,1998.0,1408.8854448213272,1408.3572281946228,1409.4136614480312,BAPC
G20,Female,ASIR,1999.0,1408.954569236557,1408.4287732791174,1409.4803651939867,BAPC
G20,Female,ASIR,2000.0,1410.3947342210322,1409.8707789092373,1410.918689532817,BAPC
G20,Female,ASIR,2001.0,1414.5149261228248,1413.9921140344507,1415.0377382111892,BAPC
G20,Female,ASIR,2002.0,1421.0983737685003,1420.5760443802817,1421.620703156709,BAPC
G20,Female,ASIR,2003.0,1428.60458816804,1428.082383869117,1429.1267924669532,BAPC
G20,Female,ASIR,2004.0,1435.5617439184741,1435.0395637097206,1436.0839241272377,BAPC
G20,Female,ASIR,2005.0,1440.2160022964845,1439.69414384873,1440.737860744229,BAPC
G20,Female,ASIR,2006.0,1442.972044950376,1442.4507811729163,1443.4933087278453,BAPC
G20,Female,ASIR,2007.0,1445.2936104199537,1444.7729367462846,1445.8142840936325,BAPC
G20,Female,ASIR,2008.0,1447.2086108319363,1446.688546907624,1447.7286747562487,BAPC
G20,Female,ASIR,2009.0,1448.7778641548277,1448.258394536582,1449.297333773073,BAPC
G20,Female,ASIR,2010.0,1449.9002917860596,1449.381518054444,1450.4190655176849,BAPC
G20,Female,ASIR,2011.0,1450.0092588436237,1449.4914346582923,1450.527083028955,BAPC
G20,Female,ASIR,2012.0,1448.9513689959513,1448.4347635964139,1449.4679743954891,BAPC
G20,Female,ASIR,2013.0,1447.4016898096531,1446.8863874033482,1447.916992215958,BAPC
G20,Female,ASIR,2014.0,1446.0946929685065,1445.5805628188994,1446.6088231181132,BAPC
G20,Female,ASIR,2015.0,1445.7589303963275,1445.2456553170587,1446.2722054755864,BAPC
G20,Female,ASIR,2016.0,1447.1278958473058,1446.61508006645,1447.6407116281516,BAPC
G20,Female,ASIR,2017.0,1449.6549862344013,1449.1424577936348,1450.167514675158,BAPC
G20,Female,ASIR,2018.0,1452.332547447278,1451.82031700263,1452.8447778919265,BAPC
G20,Female,ASIR,2019.0,1454.2964856404521,1453.784606151169,1454.8083651297252,BAPC
G20,Female,ASIR,2020.0,1454.603083767505,1454.0917903553898,1455.11437717963,BAPC
G20,Female,ASIR,2021.0,1453.9774413395946,1453.4668831666338,1454.4879995125555,BAPC
G20,Female,ASIR,2022.0,1453.6487048408894,1453.1387458637178,1454.158663818061,BAPC
G20,Female,ASIR,2023.0,1452.11237261223,1451.6026454166538,1452.622099807816,BAPC
G20,Female,ASIR,2024.0,1445.6540842804322,1430.9245297676991,1460.3836387931751,BAPC
G20,Female,ASIR,2025.0,1443.411927831138,1419.3996004952758,1467.4242551670102,BAPC
G20,Female,ASIR,2026.0,1441.0239923821002,1405.144688273063,1476.9032964911278,BAPC
G20,Female,ASIR,2027.0,1438.47196293899,1388.8189417811504,1488.1249840968196,BAPC
G20,Female,ASIR,2028.0,1435.6795450017935,1370.6451190741325,1500.7139709294643,BAPC
G20,Female,ASIR,2029.0,1432.609383296637,1350.7387298220249,1514.4800367712587,BAPC
G20,Female,ASIR,2030.0,1429.305144520121,1329.331264609795,1529.2790244304472,BAPC
G20,Female,ASIR,2031.0,1425.8088837370403,1306.5945637628063,1545.0232037112744,BAPC
G20,Female,ASIR,2032.0,1422.1024570902714,1282.6046732688849,1561.600240911658,BAPC
G20,Female,ASIR,2033.0,1418.1366469397149,1257.37529287029,1578.8980010091402,BAPC
G20,Female,ASIR,2034.0,1413.8998038708437,1230.9327069092417,1596.8669008324457,BAPC
G20,Female,ASIR,2035.0,1409.4394137873776,1203.4072492647997,1615.4715783099555,BAPC
G20,Female,ASIR,2036.0,1404.7871436595372,1174.897177064742,1634.6771102543323,BAPC
G20,Female,ASIR,2037.0,1399.9231206400166,1145.4398869572103,1654.4063543228133,BAPC
G20,Female,ASIR,2038.0,1394.808185331792,1115.0388175549392,1674.5775531086445,BAPC
G20,Female,ASIR,2039.0,1389.4474830689592,1083.7212574561445,1695.1737086817834,BAPC
G20,Female,ASIR,2040.0,1383.903160576525,1051.5974653382946,1716.2088558147552,BAPC
G20,Female,ASIR,2041.0,1378.203319119633,1018.7387057202982,1737.6679325189675,BAPC
G20,Female,ASIR,2042.0,1372.330358504583,985.1700220452543,1759.4906949639148,BAPC
G20,Female,ASIR,2043.0,1366.2505819439323,950.8925460727002,1781.6086178151604,BAPC
G20,Female,ASIR,2044.0,1359.973363820132,915.930617475494,1804.0161101647666,BAPC
G20,Female,ASIR,2045.0,1353.5593638957848,880.3736399761495,1826.7450878154261,BAPC
G20,Female,ASIR,2046.0,1347.0282097807922,844.2732969943148,1849.783122567257,BAPC
G20,Female,ASIR,2047.0,1340.3624953622539,807.6486852455515,1873.076305478953,BAPC
G20,Female,ASIR,2048.0,1333.5333391490576,770.5034805645,1896.563197733616,BAPC
G20,Female,ASIR,2049.0,1326.5514466882644,732.8606830414566,1920.2422103350752,BAPC
G20,Female,ASIR,2050.0,1319.4742003394642,694.7921923277091,1944.1562083512242,BAPC
G20,Female,ASIR,2051.0,1312.3192047073214,656.3388840590338,1968.299525355616,BAPC
G20,Female,ASIR,2052.0,1305.0728919451515,617.5183021917805,1992.62748169853,BAPC
G20,Female,ASIR,2053.0,1297.7124701368487,578.3375915815436,2017.0873486921564,BAPC
G20,Female,ASPR,1990.0,17383.682881071538,17381.697150494834,17385.668611648245,BAPC
G20,Female,ASPR,1991.0,17386.72241826422,17384.75349898418,17388.691337544256,BAPC
G20,Female,ASPR,1992.0,17391.67941777961,17389.726634777835,17393.63220078129,BAPC
G20,Female,ASPR,1993.0,17394.567220157332,17392.630223259875,17396.504217054884,BAPC
G20,Female,ASPR,1994.0,17394.32786765652,17392.406567547594,17396.24916776544,BAPC
G20,Female,ASPR,1995.0,17391.499605117446,17389.59312139426,17393.406088840627,BAPC
G20,Female,ASPR,1996.0,17378.991396941,17377.10005887377,17380.88273500813,BAPC
G20,Female,ASPR,1997.0,17354.71937062824,17352.843985319178,17356.5947559374,BAPC
G20,Female,ASPR,1998.0,17325.790748079922,17323.93137471625,17327.650121443592,BAPC
G20,Female,ASPR,1999.0,17302.009841885712,17300.166041297285,17303.85364247405,BAPC
G20,Female,ASPR,2000.0,17293.47163448188,17291.6418406714,17295.301428292365,BAPC
G20,Female,ASPR,2001.0,17319.087137712464,17317.269311080134,17320.904964344798,BAPC
G20,Female,ASPR,2002.0,17376.463260724744,17374.655512774792,17378.271008674597,BAPC
G20,Female,ASPR,2003.0,17445.573626735095,17443.77496011362,17447.372293356475,BAPC
G20,Female,ASPR,2004.0,17508.194293487704,17506.404490268986,17509.98409670652,BAPC
G20,Female,ASPR,2005.0,17543.572859828986,17541.792594010647,17545.353125647325,BAPC
G20,Female,ASPR,2006.0,17561.08537544075,17559.314856690908,17562.855894190598,BAPC
G20,Female,ASPR,2007.0,17580.94638786719,17579.18485403196,17582.707921702327,BAPC
G20,Female,ASPR,2008.0,17600.96731728365,17599.214128985142,17602.720505582158,BAPC
G20,Female,ASPR,2009.0,17619.477507251755,17617.73186537983,17621.223149123784,BAPC
G20,Female,ASPR,2010.0,17633.38512861902,17631.646514381802,17635.123742856133,BAPC
G20,Female,ASPR,2011.0,17640.866848515383,17639.134921237714,17642.598775793056,BAPC
G20,Female,ASPR,2012.0,17642.131765265793,17640.406306259956,17643.857224271535,BAPC
G20,Female,ASPR,2013.0,17639.97400950012,17638.254592375055,17641.69342662519,BAPC
G20,Female,ASPR,2014.0,17638.440410614774,17636.726277363778,17640.154543865665,BAPC
G20,Female,ASPR,2015.0,17640.519282686637,17638.80965290639,17642.22891246688,BAPC
G20,Female,ASPR,2016.0,17661.261653939473,17659.555233136987,17662.96807474186,BAPC
G20,Female,ASPR,2017.0,17702.929290617394,17701.224805550963,17704.63377568383,BAPC
G20,Female,ASPR,2018.0,17750.963474594195,17749.260353102945,17752.666596085448,BAPC
G20,Female,ASPR,2019.0,17790.84619216736,17789.144402405185,17792.54798192953,BAPC
G20,Female,ASPR,2020.0,17808.583166564724,17806.883337028517,17810.282996100836,BAPC
G20,Female,ASPR,2021.0,17812.131967614194,17810.434502650383,17813.829432577906,BAPC
G20,Female,ASPR,2022.0,17816.985844355804,17815.29077367775,17818.68091503376,BAPC
G20,Female,ASPR,2023.0,17787.71879376017,17786.027792815352,17789.40979470499,BAPC
G20,Female,ASPR,2024.0,17751.669681381933,17601.506995624048,17901.832367139912,BAPC
G20,Female,ASPR,2025.0,17726.352736410125,17470.255851718583,17982.449621101674,BAPC
G20,Female,ASPR,2026.0,17700.41723838762,17310.880607313415,18089.95386946192,BAPC
G20,Female,ASPR,2027.0,17673.544735511012,17130.1494587121,18216.940012309828,BAPC
G20,Female,ASPR,2028.0,17644.109249900557,16929.459676566683,18358.758823234435,BAPC
G20,Female,ASPR,2029.0,17611.45155849723,16709.481296288966,18513.42182070549,BAPC
G20,Female,ASPR,2030.0,17575.87016640298,16472.73980195593,18679.000530849935,BAPC
G20,Female,ASPR,2031.0,17539.147416426036,16222.46360611509,18855.83122673698,BAPC
G20,Female,ASPR,2032.0,17501.056325571182,15959.490137538092,19042.62251360427,BAPC
G20,Female,ASPR,2033.0,17460.30863333048,15683.170681110361,19237.446585550693,BAPC
G20,Female,ASPR,2034.0,17416.488507901944,15393.227653578158,19439.749362225728,BAPC
G20,Female,ASPR,2035.0,17369.84200661443,15090.981983692025,19648.702029536744,BAPC
G20,Female,ASPR,2036.0,17321.704904374514,14778.463483411773,19864.94632533735,BAPC
G20,Female,ASPR,2037.0,17271.871715962414,14456.107525772693,20087.635906152038,BAPC
G20,Female,ASPR,2038.0,17219.384720552393,14123.399071076567,20315.37037002822,BAPC
G20,Female,ASPR,2039.0,17164.117252348406,13780.225501555211,20548.00900314169,BAPC
G20,Female,ASPR,2040.0,17106.376285134767,13427.60227521327,20785.150295056264,BAPC
G20,Female,ASPR,2041.0,17047.113358098042,13066.904386626282,21027.322329569895,BAPC
G20,Female,ASPR,2042.0,16986.103374482343,12698.407921544274,21273.79882742041,BAPC
G20,Female,ASPR,2043.0,16922.61215620664,12321.77708804324,21523.44722437004,BAPC
G20,Female,ASPR,2044.0,16856.693253853977,11937.04378050975,21776.3427271983,BAPC
G20,Female,ASPR,2045.0,16788.70170941933,11545.056230741595,22032.34718809716,BAPC
G20,Female,ASPR,2046.0,16719.27676701008,11146.747222043317,22291.806311976845,BAPC
G20,Female,ASPR,2047.0,16648.18654105244,10742.318847127774,22554.054234977106,BAPC
G20,Female,ASPR,2048.0,16574.879321784203,10331.593275969866,22818.165367598544,BAPC
G20,Female,ASPR,2049.0,16499.534570452146,9914.6969804305,23084.37216047379,BAPC
G20,Female,ASPR,2050.0,16422.57408812969,9492.368855375347,23352.779320883994,BAPC
G20,Female,ASPR,2051.0,16344.432454422596,9065.259171024032,23623.60573782119,BAPC
G20,Female,ASPR,2052.0,16264.883934070926,8633.533088777953,23896.234779363826,BAPC
G20,Female,ASPR,2053.0,16183.510777589041,8197.12400097523,24169.897554202926,BAPC
G20,Male,ASDR,1990.0,282.9673999149022,282.71607838940577,283.21872144039867,BAPC
G20,Male,ASDR,1991.0,282.9181893509021,282.6722255420766,283.16415315972665,BAPC
G20,Male,ASDR,1992.0,282.9645669364061,282.72071489160595,283.2084189812072,BAPC
G20,Male,ASDR,1993.0,283.04013923491135,282.79834299440626,283.2819354754174,BAPC
G20,Male,ASDR,1994.0,283.1024379046557,282.86255166373513,283.34232414557624,BAPC
G20,Male,ASDR,1995.0,283.2657072359412,283.02750618967536,283.503908282208,BAPC
G20,Male,ASDR,1996.0,282.97426109949936,282.73790224212365,283.210619956875,BAPC
G20,Male,ASDR,1997.0,282.46795943506544,282.2335967354729,282.70232213465795,BAPC
G20,Male,ASDR,1998.0,281.759122210857,281.5268198358215,281.99142458589256,BAPC
G20,Male,ASDR,1999.0,281.14854976467495,280.91828707491794,281.378812454431,BAPC
G20,Male,ASDR,2000.0,280.9439594557346,280.7154549818966,281.17246392957264,BAPC
G20,Male,ASDR,2001.0,281.54338061876933,281.31631423885864,281.77044699867895,BAPC
G20,Male,ASDR,2002.0,282.62917739758666,282.40335057172496,282.85500422344734,BAPC
G20,Male,ASDR,2003.0,284.0694053301788,283.8446483204101,284.2941623399485,BAPC
G20,Male,ASDR,2004.0,285.32208884792607,285.09845890685455,285.5457187889976,BAPC
G20,Male,ASDR,2005.0,286.0094034889027,285.7870544853953,286.23175249241007,BAPC
G20,Male,ASDR,2006.0,286.43300604884513,286.21197205242305,286.65404004526715,BAPC
G20,Male,ASDR,2007.0,286.874239757126,286.6544317859931,287.09404772825803,BAPC
G20,Male,ASDR,2008.0,287.4444438828258,287.2257350252935,287.663152740359,BAPC
G20,Male,ASDR,2009.0,288.00294590642415,287.78524072115664,288.22065109169165,BAPC
G20,Male,ASDR,2010.0,288.41735694576516,288.20063422405366,288.63407966747764,BAPC
G20,Male,ASDR,2011.0,288.72630860041386,288.5105408491728,288.942076351655,BAPC
G20,Male,ASDR,2012.0,289.1175442761191,288.9026635113615,289.33242504087667,BAPC
G20,Male,ASDR,2013.0,289.4601752700306,289.24616415584643,289.6741863842139,BAPC
G20,Male,ASDR,2014.0,289.8829951109531,289.6697636706687,290.09622655123746,BAPC
G20,Male,ASDR,2015.0,290.19949658938157,289.9870275920846,290.4119655866786,BAPC
G20,Male,ASDR,2016.0,290.9893758308881,290.7774453669791,291.20130629479604,BAPC
G20,Male,ASDR,2017.0,292.57419952558513,292.3624775323295,292.7859215188408,BAPC
G20,Male,ASDR,2018.0,294.3610306645141,294.1494096322637,294.57265169676356,BAPC
G20,Male,ASDR,2019.0,295.9269577218468,295.7154637883471,296.13845165534644,BAPC
G20,Male,ASDR,2020.0,296.14301349843237,295.9320484902224,296.3539785066424,BAPC
G20,Male,ASDR,2021.0,296.16563412957146,295.9551546398955,296.3761136192483,BAPC
G20,Male,ASDR,2022.0,296.5120098804353,296.30194636289224,296.7220733979783,BAPC
G20,Male,ASDR,2023.0,296.32191715265355,296.11114283557106,296.53269146973514,BAPC
G20,Male,ASDR,2024.0,296.34419366864597,293.6956251864163,298.99276215087565,BAPC
G20,Male,ASDR,2025.0,296.2198654328077,291.5791983916161,300.8605324739984,BAPC
G20,Male,ASDR,2026.0,296.0753777605478,288.94590503508374,303.2048504860118,BAPC
G20,Male,ASDR,2027.0,295.9371774071958,285.9410097258633,305.93334508852934,BAPC
G20,Male,ASDR,2028.0,295.78349341484625,282.59383039506724,308.97315643462525,BAPC
G20,Male,ASDR,2029.0,295.5900807967363,278.90361155772035,312.27655003575126,BAPC
G20,Male,ASDR,2030.0,295.33111820545764,274.88452707553216,315.7777093353832,BAPC
G20,Male,ASDR,2031.0,295.040660227971,270.5959189296742,319.4854015262677,BAPC
G20,Male,ASDR,2032.0,294.7430733680781,266.07873478199366,323.4074119541636,BAPC
G20,Male,ASDR,2033.0,294.4186711867858,261.32430603021305,327.5130363433575,BAPC
G20,Male,ASDR,2034.0,294.0491197377604,256.3181091924702,331.78013028304963,BAPC
G20,Male,ASDR,2035.0,293.60851258410304,251.0568720938396,336.1601530743665,BAPC
G20,Male,ASDR,2036.0,293.12552057614096,245.58133063102832,340.6697105212536,BAPC
G20,Male,ASDR,2037.0,292.62535826660064,239.9238706852801,345.32684584792025,BAPC
G20,Male,ASDR,2038.0,292.09696922335866,234.08025466671256,350.1136837800048,BAPC
G20,Male,ASDR,2039.0,291.53183497699905,228.04323203872943,355.02043791526967,BAPC
G20,Male,ASDR,2040.0,290.9076101397432,221.8086422819642,360.0065779975232,BAPC
G20,Male,ASDR,2041.0,290.24596554425375,215.4049284830642,365.0870026054423,BAPC
G20,Male,ASDR,2042.0,289.5683583634735,208.8563175257194,370.2803992012277,BAPC
G20,Male,ASDR,2043.0,288.86711355269665,202.16057248974573,375.57365461564757,BAPC
G20,Male,ASDR,2044.0,288.1385540427699,195.314364436326,380.96274364921277,BAPC
G20,Male,ASDR,2045.0,287.3597052691894,188.31223391254636,386.4071766258335,BAPC
G20,Male,ASDR,2046.0,286.54192326254736,181.17134159038798,391.9125049347067,BAPC
G20,Male,ASDR,2047.0,285.70153463844497,173.9091675583156,397.49390171857533,BAPC
G20,Male,ASDR,2048.0,284.833624219905,166.52589587058026,403.1413525692308,BAPC
G20,Male,ASDR,2049.0,283.9396378381837,159.0223063338964,408.85696934247096,BAPC
G20,Male,ASDR,2050.0,282.9990742524297,151.39528133369635,414.602867171163,BAPC
G20,Male,ASDR,2051.0,282.0176403344623,143.65631543983957,420.37896522908505,BAPC
G20,Male,ASDR,2052.0,281.00891733813876,135.81887141196265,426.1989632643149,BAPC
G20,Male,ASDR,2053.0,279.97077295072467,127.8851621352148,432.0563837662345,BAPC
G20,Male,ASIR,1990.0,820.6359526391037,820.2208232538044,821.0510820244042,BAPC
G20,Male,ASIR,1991.0,820.618533845796,820.2082543319376,821.0288133596533,BAPC
G20,Male,ASIR,1992.0,820.6196839516905,820.2122874375979,821.0270804657841,BAPC
G20,Male,ASIR,1993.0,820.5943932781842,820.1898299975478,820.9989565588216,BAPC
G20,Male,ASIR,1994.0,820.5905808864761,820.1886894851727,820.9924722877785,BAPC
G20,Male,ASIR,1995.0,820.6084390858958,820.2090112529096,821.0078669188821,BAPC
G20,Male,ASIR,1996.0,820.0100343033387,819.6130285208819,820.4070400857955,BAPC
G20,Male,ASIR,1997.0,818.5354980288387,818.1409934683161,818.9300025893614,BAPC
G20,Male,ASIR,1998.0,816.9653817002965,816.573217596923,817.3575458036689,BAPC
G20,Male,ASIR,1999.0,816.1214222436658,815.7312254573247,816.5116190300067,BAPC
G20,Male,ASIR,2000.0,816.7650293258292,816.3762071404765,817.153851511181,BAPC
G20,Male,ASIR,2001.0,819.5051179317298,819.1170470345692,819.8931888288905,BAPC
G20,Male,ASIR,2002.0,823.7874087925594,823.3995736638984,824.1752439212195,BAPC
G20,Male,ASIR,2003.0,828.6910621420263,828.303174302983,829.0789499810708,BAPC
G20,Male,ASIR,2004.0,833.2983506803289,832.9103652419926,833.6863361186654,BAPC
G20,Male,ASIR,2005.0,836.58412263954,836.1962801978939,836.9719650811863,BAPC
G20,Male,ASIR,2006.0,838.7638525607281,838.3763788219088,839.1513262995473,BAPC
G20,Male,ASIR,2007.0,840.7426879567445,840.3555816006422,841.1297943128476,BAPC
G20,Male,ASIR,2008.0,842.4959363235248,842.1092196724276,842.882652974622,BAPC
G20,Male,ASIR,2009.0,844.0082403868009,843.621920445775,844.3945603278281,BAPC
G20,Male,ASIR,2010.0,845.19222127425,844.8063932811326,845.578049267366,BAPC
G20,Male,ASIR,2011.0,846.0767803273222,845.6915662951448,846.4619943594996,BAPC
G20,Male,ASIR,2012.0,846.8062314295541,846.4217223096823,847.1907405494252,BAPC
G20,Male,ASIR,2013.0,847.4297064225912,847.04594774095,847.813465104233,BAPC
G20,Male,ASIR,2014.0,848.0331436758747,847.6501074430555,848.4161799086947,BAPC
G20,Male,ASIR,2015.0,848.7222047992207,848.3397891481525,849.104620450289,BAPC
G20,Male,ASIR,2016.0,850.8271454223743,850.4449727090793,851.2093181356695,BAPC
G20,Male,ASIR,2017.0,854.7106504072287,854.3283489179338,855.0929518965228,BAPC
G20,Male,ASIR,2018.0,859.0678240768015,858.68531886318,859.4503292904229,BAPC
G20,Male,ASIR,2019.0,862.7000787247338,862.3174773756091,863.0826800738586,BAPC
G20,Male,ASIR,2020.0,864.3336437444772,863.9513153221108,864.7159721668427,BAPC
G20,Male,ASIR,2021.0,864.8351246871285,864.4532582449705,865.2169911292866,BAPC
G20,Male,ASIR,2022.0,865.3182343780201,864.9368040359316,865.6996647201084,BAPC
G20,Male,ASIR,2023.0,863.86604525531,863.4846316064727,864.2474589041476,BAPC
G20,Male,ASIR,2024.0,860.5342294827727,852.4390966803212,868.629362285224,BAPC
G20,Male,ASIR,2025.0,859.473367201943,845.7998404528884,873.1468939509967,BAPC
G20,Male,ASIR,2026.0,858.309740346411,837.5641259439246,879.0553547488975,BAPC
G20,Male,ASIR,2027.0,857.0324190384595,828.102189413273,885.962648663646,BAPC
G20,Male,ASIR,2028.0,855.5834964971863,817.5213071800442,893.6456858143282,BAPC
G20,Male,ASIR,2029.0,853.9561256460779,805.8942091521028,902.0180421400531,BAPC
G20,Male,ASIR,2030.0,852.1874012568456,793.3677519613128,911.0070505523776,BAPC
G20,Male,ASIR,2031.0,850.3017960868111,780.0429497920204,920.5606423816009,BAPC
G20,Male,ASIR,2032.0,848.2917573049691,765.9680234753097,930.6154911346296,BAPC
G20,Male,ASIR,2033.0,846.1156977207552,751.139206569315,941.0921888721964,BAPC
G20,Male,ASIR,2034.0,843.7727836414609,735.5742727129252,951.9712945699968,BAPC
G20,Male,ASIR,2035.0,841.3019293960433,719.3604086060478,963.2434501860376,BAPC
G20,Male,ASIR,2036.0,838.7228788853876,702.5568258451868,974.8889319255883,BAPC
G20,Male,ASIR,2037.0,836.0259392658421,685.1876428622162,986.864235669468,BAPC
G20,Male,ASIR,2038.0,833.1771463502632,667.2455492340745,999.1087434664471,BAPC
G20,Male,ASIR,2039.0,830.1842626660928,648.7482918572315,1011.6202334749578,BAPC
G20,Male,ASIR,2040.0,827.0900558763822,629.7660435209452,1024.414068231819,BAPC
G20,Male,ASIR,2041.0,823.9126000193966,610.3419873945928,1037.4832126442034,BAPC
G20,Male,ASIR,2042.0,820.6420861687303,590.4912633458007,1050.792908991657,BAPC
G20,Male,ASIR,2043.0,817.2496467264742,570.2074201043268,1064.2918733486206,BAPC
G20,Male,ASIR,2044.0,813.7455079205529,549.5063873952233,1077.9846284458783,BAPC
G20,Male,ASIR,2045.0,810.1661304240251,528.4414098733511,1091.890850974702,BAPC
G20,Male,ASIR,2046.0,806.5236468718333,507.0433254631481,1106.0039682805207,BAPC
G20,Male,ASIR,2047.0,802.8074429534372,485.32315944168664,1120.2917264651876,BAPC
G20,Male,ASIR,2048.0,798.9942960391983,463.2789090856774,1134.7096829927202,BAPC
G20,Male,ASIR,2049.0,795.0958002379057,440.9261690697236,1149.2654314060867,BAPC
G20,Male,ASIR,2050.0,791.1434045314772,418.3059614119032,1163.980847651054,BAPC
G20,Male,ASIR,2051.0,787.1469991604323,395.4422622604259,1178.8517360604399,BAPC
G20,Male,ASIR,2052.0,783.0976311048622,372.3451178884337,1193.8501443212924,BAPC
G20,Male,ASIR,2053.0,778.9778736562225,349.0167399476981,1208.939007364752,BAPC
G20,Male,ASPR,1990.0,9827.866244126159,9826.390231715506,9829.342256536811,BAPC
G20,Male,ASPR,1991.0,9826.062493849638,9824.599835117415,9827.525152581959,BAPC
G20,Male,ASPR,1992.0,9826.56671494794,9825.11683502764,9828.016594868235,BAPC
G20,Male,ASPR,1993.0,9827.926155004117,9826.488377002657,9829.363933005678,BAPC
G20,Male,ASPR,1994.0,9830.008891812377,9828.582659418476,9831.435124206277,BAPC
G20,Male,ASPR,1995.0,9833.227819596194,9831.812199428025,9834.643439764459,BAPC
G20,Male,ASPR,1996.0,9826.743495697197,9825.33867419902,9828.148317195471,BAPC
G20,Male,ASPR,1997.0,9805.365036384497,9803.972069012656,9806.758003756437,BAPC
G20,Male,ASPR,1998.0,9778.701955857618,9777.3210033256,9780.082908389637,BAPC
G20,Male,ASPR,1999.0,9757.800913885183,9756.431481545906,9759.170346224459,BAPC
G20,Male,ASPR,2000.0,9753.813778297861,9752.454188433318,9755.173368162306,BAPC
G20,Male,ASPR,2001.0,9776.248577637254,9774.89689980696,9777.600255467643,BAPC
G20,Male,ASPR,2002.0,9818.268159897323,9816.922938159643,9819.613381635003,BAPC
G20,Male,ASPR,2003.0,9867.70104153082,9866.361519391829,9869.040563669807,BAPC
G20,Male,ASPR,2004.0,9913.032358991617,9911.69860383967,9914.366114143659,BAPC
G20,Male,ASPR,2005.0,9941.924386058205,9940.597136113105,9943.2516360034,BAPC
G20,Male,ASPR,2006.0,9960.501958279348,9959.18144964597,9961.822466912727,BAPC
G20,Male,ASPR,2007.0,9981.386337125134,9980.072003875706,9982.70067037466,BAPC
G20,Male,ASPR,2008.0,10002.54900963372,10001.240421324288,10003.857597943246,BAPC
G20,Male,ASPR,2009.0,10022.395765789013,10021.092492568541,10023.699039009585,BAPC
G20,Male,ASPR,2010.0,10038.781018689266,10037.482860190044,10040.079177188487,BAPC
G20,Male,ASPR,2011.0,10054.733420637944,10053.440011955085,10056.026829320708,BAPC
G20,Male,ASPR,2012.0,10072.98570234822,10071.696626637824,10074.274778058518,BAPC
G20,Male,ASPR,2013.0,10091.30901112892,10090.023977741961,10092.594044515785,BAPC
G20,Male,ASPR,2014.0,10107.916669874721,10106.635443532747,10109.197896216792,BAPC
G20,Male,ASPR,2015.0,10120.67932986532,10119.401851954019,10121.956807776716,BAPC
G20,Male,ASPR,2016.0,10149.068753593943,10147.793807250278,10150.343699937604,BAPC
G20,Male,ASPR,2017.0,10202.703658202143,10201.429489216142,10203.977827188242,BAPC
G20,Male,ASPR,2018.0,10264.604307599599,10263.330204173699,10265.878411025498,BAPC
G20,Male,ASPR,2019.0,10317.763886397699,10316.490072554328,10319.037700241073,BAPC
G20,Male,ASPR,2020.0,10345.063263038375,10343.790833115245,10346.335692961507,BAPC
G20,Male,ASPR,2021.0,10358.643625033545,10357.372974300419,10359.914275766574,BAPC
G20,Male,ASPR,2022.0,10371.149978881836,10369.881301725385,10372.418656038284,BAPC
G20,Male,ASPR,2023.0,10355.60137109214,10354.336702325492,10356.866039858689,BAPC
G20,Male,ASPR,2024.0,10340.61359615795,8040.00679838792,12641.220393927963,BAPC
G20,Male,ASPR,2025.0,10329.154394230689,5213.428012020053,15444.880776441247,BAPC
G20,Male,ASPR,2026.0,10318.50014104932,1799.1542194601589,18837.846062638397,BAPC
G20,Male,ASPR,2027.0,10304.467625585823,-2106.5957166196918,22715.530967791456,BAPC
G20,Male,ASPR,2028.0,10278.187119141276,-6428.586450473095,26984.960688755666,BAPC
G20,Male,ASPR,2029.0,10231.122733156375,-11114.253974785288,31576.49944109804,BAPC
G20,Male,ASPR,2030.0,10169.034134619094,-16097.421320354677,36435.48958959277,BAPC
G20,Male,ASPR,2031.0,10104.078320650744,-21344.496774304826,41552.65341560631,BAPC
G20,Male,ASPR,2032.0,10037.815182841121,-26825.223248990053,46900.8536146723,BAPC
G20,Male,ASPR,2033.0,9961.887717077365,-32484.873636010383,52408.64907016512,BAPC
G20,Male,ASPR,2034.0,9856.515796770796,-38222.86896430552,57935.90055784702,BAPC
G20,Male,ASPR,2035.0,9733.518494412101,-44013.262226365354,63480.29921518956,BAPC
G20,Male,ASPR,2036.0,9609.010090913689,-49882.78941268637,69100.80959451373,BAPC
G20,Male,ASPR,2037.0,9487.502578886855,-55834.69604954409,74809.70120731786,BAPC
G20,Male,ASPR,2038.0,9361.305474728457,-61806.304001254335,80528.91495071117,BAPC
G20,Male,ASPR,2039.0,9207.269328146189,-67612.70253974367,86027.241196036,BAPC
G20,Male,ASPR,2040.0,9038.783988040632,-73281.29191027416,91358.85988635544,BAPC
G20,Male,ASPR,2041.0,8872.12372483732,-78905.03250075238,96649.27995042743,BAPC
G20,Male,ASPR,2042.0,8712.65777605086,-84523.1912338559,101948.5067859579,BAPC
G20,Male,ASPR,2043.0,8552.55506177339,-90055.11793309878,107160.22805664518,BAPC
G20,Male,ASPR,2044.0,8365.555615441956,-95195.15390593573,111926.26513682,BAPC
G20,Male,ASPR,2045.0,8166.4507549844275,-100038.87499643643,116371.77650640535,BAPC
G20,Male,ASPR,2046.0,7971.357284371872,-104749.48743092616,120692.20199966984,BAPC
G20,Male,ASPR,2047.0,7786.2750912067895,-109406.14893507537,124978.6991174885,BAPC
G20,Male,ASPR,2048.0,7603.879419696897,-113911.89834356835,129119.65718296244,BAPC
G20,Male,ASPR,2049.0,7395.5187782079165,-117811.57541047818,132602.6129668939,BAPC
G20,Male,ASPR,2050.0,7176.853181987,-121279.86016884483,135633.56653281892,BAPC
G20,Male,ASPR,2051.0,6963.728357917164,-124554.09577942787,138481.55249526224,BAPC
G20,Male,ASPR,2052.0,6762.64172478234,-127758.22983696048,141283.51328652582,BAPC
G20,Male,ASPR,2053.0,6567.137051514678,-130786.05242245534,143920.32652548503,BAPC
,,,,,,,
